Afghanistan,2015,Developing,65.0,10.1
Afghanistan,2014,Developing,59.9,10.0
Afghanistan,2013,Developing,59.9,9.9
Afghanistan,2012,Developing,59.5,9.8
Afghanistan,2011,Developing,59.2,9.5
Afghanistan,2010,Developing,58.8,9.2
Afghanistan,2009,Developing,58.6,8.9
Afghanistan,2008,Developing,58.1,8.7
Afghanistan,2007,Developing,57.5,8.4
Afghanistan,2006,Developing,57.3,8.1
Afghanistan,2005,Developing,57.3,7.9
Afghanistan,2004,Developing,57.0,6.8
Afghanistan,2003,Developing,56.7,6.5
Afghanistan,2002,Developing,56.2,6.2
Afghanistan,2001,Developing,55.3,5.9
Afghanistan,2000,Developing,54.8,5.5
Albania,2015,Developing,77.8,14.2
Albania,2014,Developing,77.5,14.2
Albania,2013,Developing,77.2,14.2
Albania,2012,Developing,76.9,14.2
Albania,2011,Developing,76.6,13.3
Albania,2010,Developing,76.2,12.5
Albania,2009,Developing,76.1,12.2
Albania,2008,Developing,75.3,12.0
Albania,2007,Developing,75.9,11.6
Albania,2006,Developing,74.2,11.4
Albania,2005,Developing,73.5,10.8
Albania,2004,Developing,73.0,10.9
Albania,2003,Developing,72.8,10.7
Albania,2002,Developing,73.3,10.7
Albania,2001,Developing,73.6,10.6
Albania,2000,Developing,72.6,10.7
Algeria,2015,Developing,75.6,14.4
Algeria,2014,Developing,75.4,14.4
Algeria,2013,Developing,75.3,14.4
Algeria,2012,Developing,75.1,14.4
Algeria,2011,Developing,74.9,14.0
Algeria,2010,Developing,74.7,13.6
Algeria,2009,Developing,74.4,13.1
Algeria,2008,Developing,74.1,12.6
Algeria,2007,Developing,73.8,12.3
Algeria,2006,Developing,73.4,12.3
Algeria,2005,Developing,72.9,12.0
Algeria,2004,Developing,72.3,11.7
Algeria,2003,Developing,71.7,11.5
Algeria,2002,Developing,71.6,11.1
Algeria,2001,Developing,71.4,10.9
Algeria,2000,Developing,71.3,10.7
Angola,2015,Developing,52.4,11.4
Angola,2014,Developing,51.7,11.4
Angola,2013,Developing,51.1,11.4
Angola,2012,Developing,56.0,10.3
Angola,2011,Developing,51.0,9.4
Angola,2010,Developing,49.6,9.0
Angola,2009,Developing,49.1,8.5
Angola,2008,Developing,48.7,8.1
Angola,2007,Developing,48.2,7.7
Angola,2006,Developing,47.7,7.2
Angola,2005,Developing,47.4,6.8
Angola,2004,Developing,47.1,6.4
Angola,2003,Developing,46.8,5.9
Angola,2002,Developing,46.5,5.5
Angola,2001,Developing,45.7,5.1
Angola,2000,Developing,45.3,4.6
Antigua and Barbuda,2015,Developing,76.4,13.9
Antigua and Barbuda,2014,Developing,76.2,13.9
Antigua and Barbuda,2013,Developing,76.1,13.9
Antigua and Barbuda,2012,Developing,75.9,13.8
Antigua and Barbuda,2011,Developing,75.7,14.1
Antigua and Barbuda,2010,Developing,75.6,14.1
Antigua and Barbuda,2009,Developing,75.4,14.2
Antigua and Barbuda,2008,Developing,75.2,14.4
Antigua and Barbuda,2007,Developing,75.0,14.5
Antigua and Barbuda,2006,Developing,74.8,14.7
Antigua and Barbuda,2005,Developing,74.6,0.0
Antigua and Barbuda,2004,Developing,74.4,0.0
Antigua and Barbuda,2003,Developing,74.2,0.0
Antigua and Barbuda,2002,Developing,74.0,0.0
Antigua and Barbuda,2001,Developing,73.8,0.0
Antigua and Barbuda,2000,Developing,73.6,0.0
Argentina,2015,Developing,76.3,17.3
Argentina,2014,Developing,76.2,17.3
Argentina,2013,Developing,76.0,17.3
Argentina,2012,Developing,75.9,17.2
Argentina,2011,Developing,75.7,17.1
Argentina,2010,Developing,75.5,16.8
Argentina,2009,Developing,75.6,16.5
Argentina,2008,Developing,75.4,16.3
Argentina,2007,Developing,74.8,16.3
Argentina,2006,Developing,75.2,16.1
Argentina,2005,Developing,74.9,16.3
Argentina,2004,Developing,74.7,16.3
Argentina,2003,Developing,74.1,16.4
Argentina,2002,Developing,74.1,16.3
Argentina,2001,Developing,74.0,15.6
Argentina,2000,Developing,74.1,15.0
Armenia,2015,Developing,74.8,12.7
Armenia,2014,Developing,74.6,12.7
Armenia,2013,Developing,74.4,12.7
Armenia,2012,Developing,74.4,12.7
Armenia,2011,Developing,73.9,12.7
Armenia,2010,Developing,73.5,12.3
Armenia,2009,Developing,73.3,11.9
Armenia,2008,Developing,73.2,12.3
Armenia,2007,Developing,73.5,11.7
Armenia,2006,Developing,72.9,11.2
Armenia,2005,Developing,73.0,10.9
Armenia,2004,Developing,73.0,10.9
Armenia,2003,Developing,72.7,10.8
Armenia,2002,Developing,72.6,10.8
Armenia,2001,Developing,72.6,11.1
Armenia,2000,Developing,72.0,11.2
Australia,2015,Developed,82.8,20.4
Australia,2014,Developed,82.7,20.4
Australia,2013,Developed,82.5,20.3
Australia,2012,Developed,82.3,20.1
Australia,2011,Developed,82.0,19.8
Australia,2010,Developed,81.9,19.5
Australia,2009,Developed,81.7,19.1
Australia,2008,Developed,81.3,19.1
Australia,2007,Developed,81.3,19.0
Australia,2006,Developed,81.2,20.3
Australia,2005,Developed,81.0,20.3
Australia,2004,Developed,86.0,20.7
Australia,2003,Developed,83.0,20.6
Australia,2002,Developed,79.9,20.1
Australia,2001,Developed,79.9,20.5
Australia,2000,Developed,79.5,20.4
Austria,2015,Developed,81.5,15.9
Austria,2014,Developed,81.4,15.9
Austria,2013,Developed,81.1,15.7
Austria,2012,Developed,88.0,15.7
Austria,2011,Developed,88.0,15.7
Austria,2010,Developed,84.0,15.4
Austria,2009,Developed,82.0,15.3
Austria,2008,Developed,84.0,15.1
Austria,2007,Developed,81.0,15.2
Austria,2006,Developed,79.8,15.0
Austria,2005,Developed,79.4,14.9
Austria,2004,Developed,79.3,14.7
Austria,2003,Developed,78.8,14.7
Austria,2002,Developed,78.7,16.1
Austria,2001,Developed,78.6,15.5
Austria,2000,Developed,78.1,15.4
Azerbaijan,2015,Developing,72.7,12.7
Azerbaijan,2014,Developing,72.5,12.2
Azerbaijan,2013,Developing,72.2,11.9
Azerbaijan,2012,Developing,71.9,11.8
Azerbaijan,2011,Developing,71.6,11.7
Azerbaijan,2010,Developing,71.1,11.7
Azerbaijan,2009,Developing,78.0,11.6
Azerbaijan,2008,Developing,73.0,11.6
Azerbaijan,2007,Developing,73.0,11.6
Azerbaijan,2006,Developing,69.2,10.7
Azerbaijan,2005,Developing,68.4,11.2
Azerbaijan,2004,Developing,68.4,11.0
Azerbaijan,2003,Developing,67.8,10.8
Azerbaijan,2002,Developing,67.8,10.6
Azerbaijan,2001,Developing,67.5,10.4
Azerbaijan,2000,Developing,66.6,10.1
Bahamas,2015,Developing,76.1,12.6
Bahamas,2014,Developing,75.4,12.6
Bahamas,2013,Developing,74.8,12.6
Bahamas,2012,Developing,74.9,12.6
Bahamas,2011,Developing,75.0,12.6
Bahamas,2010,Developing,75.0,12.6
Bahamas,2009,Developing,74.6,12.6
Bahamas,2008,Developing,74.5,12.6
Bahamas,2007,Developing,74.4,12.5
Bahamas,2006,Developing,74.2,12.4
Bahamas,2005,Developing,74.1,12.4
Bahamas,2004,Developing,73.8,12.3
Bahamas,2003,Developing,73.2,12.2
Bahamas,2002,Developing,73.1,12.1
Bahamas,2001,Developing,72.9,12.1
Bahamas,2000,Developing,72.6,12.0
Bahrain,2015,Developing,76.9,14.5
Bahrain,2014,Developing,76.8,14.5
Bahrain,2013,Developing,76.7,14.5
Bahrain,2012,Developing,76.5,14.5
Bahrain,2011,Developing,76.1,14.4
Bahrain,2010,Developing,76.1,14.4
Bahrain,2009,Developing,76.0,14.4
Bahrain,2008,Developing,75.8,14.4
Bahrain,2007,Developing,75.6,14.4
Bahrain,2006,Developing,75.5,14.2
Bahrain,2005,Developing,75.3,14.0
Bahrain,2004,Developing,75.2,13.9
Bahrain,2003,Developing,75.0,13.7
Bahrain,2002,Developing,74.9,13.5
Bahrain,2001,Developing,74.7,13.3
Bahrain,2000,Developing,74.5,13.2
Bangladesh,2015,Developing,71.8,10.2
Bangladesh,2014,Developing,71.4,10.0
Bangladesh,2013,Developing,71.0,10.0
Bangladesh,2012,Developing,77.0,9.9
Bangladesh,2011,Developing,73.0,9.4
Bangladesh,2010,Developing,69.9,8.9
Bangladesh,2009,Developing,69.5,8.4
Bangladesh,2008,Developing,69.1,8.6
Bangladesh,2007,Developing,68.6,8.6
Bangladesh,2006,Developing,68.2,8.4
Bangladesh,2005,Developing,67.8,8.2
Bangladesh,2004,Developing,67.3,8.1
Bangladesh,2003,Developing,66.8,7.9
Bangladesh,2002,Developing,66.3,7.7
Bangladesh,2001,Developing,65.8,7.5
Bangladesh,2000,Developing,65.3,7.3
Barbados,2015,Developing,75.5,15.3
Barbados,2014,Developing,75.4,15.3
Barbados,2013,Developing,75.2,15.3
Barbados,2012,Developing,75.1,15.3
Barbados,2011,Developing,74.9,15.5
Barbados,2010,Developing,74.7,15.8
Barbados,2009,Developing,74.6,15.5
Barbados,2008,Developing,74.4,15.3
Barbados,2007,Developing,74.2,15.0
Barbados,2006,Developing,74.1,14.8
Barbados,2005,Developing,73.9,14.6
Barbados,2004,Developing,73.8,14.4
Barbados,2003,Developing,73.7,14.2
Barbados,2002,Developing,73.5,14.0
Barbados,2001,Developing,73.4,14.0
Barbados,2000,Developing,73.3,14.0
Belarus,2015,Developing,72.3,15.6
Belarus,2014,Developing,72.0,15.7
Belarus,2013,Developing,71.7,15.7
Belarus,2012,Developing,71.9,15.6
Belarus,2011,Developing,72.0,15.5
Belarus,2010,Developing,73.0,15.5
Belarus,2009,Developing,70.0,15.4
Belarus,2008,Developing,70.0,15.1
Belarus,2007,Developing,69.8,14.9
Belarus,2006,Developing,68.9,14.6
Belarus,2005,Developing,68.1,14.4
Belarus,2004,Developing,68.2,14.1
Belarus,2003,Developing,67.7,13.9
Belarus,2002,Developing,67.2,13.6
Belarus,2001,Developing,67.7,13.3
Belarus,2000,Developing,68.0,13.1
Belgium,2015,Developed,81.1,16.6
Belgium,2014,Developed,89.0,16.3
Belgium,2013,Developed,87.0,16.3
Belgium,2012,Developed,83.0,16.2
Belgium,2011,Developed,83.0,16.1
Belgium,2010,Developed,80.0,15.9
Belgium,2009,Developed,79.8,15.8
Belgium,2008,Developed,79.5,15.8
Belgium,2007,Developed,79.5,15.8
Belgium,2006,Developed,79.4,15.7
Belgium,2005,Developed,78.9,15.7
Belgium,2004,Developed,78.8,18.8
Belgium,2003,Developed,78.3,18.6
Belgium,2002,Developed,78.0,18.8
Belgium,2001,Developed,78.0,18.2
Belgium,2000,Developed,77.6,18.0
Belize,2015,Developing,71.0,12.8
Belize,2014,Developing,70.0,12.8
Belize,2013,Developing,69.8,12.9
Belize,2012,Developing,69.4,12.5
Belize,2011,Developing,69.4,12.4
Belize,2010,Developing,69.5,12.4
Belize,2009,Developing,69.5,12.7
Belize,2008,Developing,69.6,12.8
Belize,2007,Developing,69.6,12.8
Belize,2006,Developing,69.4,12.3
Belize,2005,Developing,69.0,12.8
Belize,2004,Developing,68.7,12.5
Belize,2003,Developing,68.4,12.2
Belize,2002,Developing,68.5,11.9
Belize,2001,Developing,68.2,11.8
Belize,2000,Developing,68.3,11.7
Benin,2015,Developing,60.0,10.7
Benin,2014,Developing,59.7,10.7
Benin,2013,Developing,59.5,10.3
Benin,2012,Developing,59.3,10.0
Benin,2011,Developing,59.1,9.8
Benin,2010,Developing,58.7,9.5
Benin,2009,Developing,58.4,9.3
Benin,2008,Developing,57.6,9.1
Benin,2007,Developing,57.1,8.9
Benin,2006,Developing,56.8,8.7
Benin,2005,Developing,56.5,8.5
Benin,2004,Developing,56.1,8.1
Benin,2003,Developing,55.8,7.7
Benin,2002,Developing,55.6,7.3
Benin,2001,Developing,55.5,6.6
Benin,2000,Developing,55.4,6.4
Bhutan,2015,Developing,69.8,12.5
Bhutan,2014,Developing,69.4,12.5
Bhutan,2013,Developing,69.1,12.6
Bhutan,2012,Developing,68.7,12.3
Bhutan,2011,Developing,68.3,11.9
Bhutan,2010,Developing,67.9,11.4
Bhutan,2009,Developing,67.4,10.9
Bhutan,2008,Developing,67.0,10.5
Bhutan,2007,Developing,66.5,10.1
Bhutan,2006,Developing,65.8,9.6
Bhutan,2005,Developing,65.0,9.2
Bhutan,2004,Developing,64.2,8.8
Bhutan,2003,Developing,63.3,8.4
Bhutan,2002,Developing,62.5,8.0
Bhutan,2001,Developing,61.7,7.6
Bhutan,2000,Developing,62.0,7.3
Bolivia,2015,Developing,77.0,13.8
Bolivia,2014,Developing,74.0,13.8
Bolivia,2013,Developing,71.0,13.8
Bolivia,2012,Developing,69.8,13.8
Bolivia,2011,Developing,69.3,13.8
Bolivia,2010,Developing,68.7,13.8
Bolivia,2009,Developing,68.0,13.8
Bolivia,2008,Developing,67.4,14.0
Bolivia,2007,Developing,66.8,14.1
Bolivia,2006,Developing,66.2,14.3
Bolivia,2005,Developing,65.7,14.4
Bolivia,2004,Developing,65.1,14.6
Bolivia,2003,Developing,64.5,14.4
Bolivia,2002,Developing,63.9,14.0
Bolivia,2001,Developing,63.3,13.7
Bolivia,2000,Developing,62.6,13.3
Bosnia and Herzegovina,2015,Developing,77.4,14.2
Bosnia and Herzegovina,2014,Developing,77.2,14.2
Bosnia and Herzegovina,2013,Developing,77.0,14.2
Bosnia and Herzegovina,2012,Developing,76.8,13.9
Bosnia and Herzegovina,2011,Developing,76.9,13.4
Bosnia and Herzegovina,2010,Developing,76.4,13.3
Bosnia and Herzegovina,2009,Developing,76.1,13.3
Bosnia and Herzegovina,2008,Developing,76.0,13.1
Bosnia and Herzegovina,2007,Developing,75.4,12.9
Bosnia and Herzegovina,2006,Developing,75.7,12.7
Bosnia and Herzegovina,2005,Developing,75.0,12.5
Bosnia and Herzegovina,2004,Developing,75.5,12.3
Bosnia and Herzegovina,2003,Developing,75.2,12.1
Bosnia and Herzegovina,2002,Developing,75.4,11.9
Bosnia and Herzegovina,2001,Developing,74.9,11.6
Bosnia and Herzegovina,2000,Developing,74.6,0.0
Botswana,2015,Developing,65.7,12.6
Botswana,2014,Developing,65.1,12.6
Botswana,2013,Developing,64.2,12.6
Botswana,2012,Developing,63.4,12.5
Botswana,2011,Developing,62.2,12.4
Botswana,2010,Developing,61.1,12.3
Botswana,2009,Developing,59.2,12.2
Botswana,2008,Developing,57.5,12.1
Botswana,2007,Developing,56.9,12.1
Botswana,2006,Developing,54.8,11.9
Botswana,2005,Developing,51.7,11.9
Botswana,2004,Developing,48.1,11.8
Botswana,2003,Developing,46.4,11.8
Botswana,2002,Developing,46.0,11.9
Botswana,2001,Developing,46.7,11.8
Botswana,2000,Developing,47.8,11.7
Brazil,2015,Developing,75.0,15.2
Brazil,2014,Developing,74.8,15.2
Brazil,2013,Developing,74.7,14.2
Brazil,2012,Developing,74.5,14.2
Brazil,2011,Developing,74.1,14.0
Brazil,2010,Developing,73.8,13.8
Brazil,2009,Developing,73.6,13.8
Brazil,2008,Developing,73.4,13.3
Brazil,2007,Developing,73.3,13.5
Brazil,2006,Developing,73.0,13.8
Brazil,2005,Developing,72.7,13.8
Brazil,2004,Developing,72.0,14.0
Brazil,2003,Developing,71.8,14.8
Brazil,2002,Developing,71.4,14.6
Brazil,2001,Developing,71.0,14.3
Brazil,2000,Developing,75.0,14.1
Brunei,2015,Developing,77.7,14.9
Brunei,2014,Developing,77.6,15.0
Brunei,2013,Developing,77.1,14.9
Brunei,2012,Developing,78.3,14.4
Brunei,2011,Developing,77.4,14.1
Brunei,2010,Developing,76.9,14.2
Brunei,2009,Developing,76.8,14.1
Brunei,2008,Developing,77.2,14.2
Brunei,2007,Developing,76.0,14.3
Brunei,2006,Developing,76.3,14.3
Brunei,2005,Developing,76.2,14.1
Brunei,2004,Developing,76.4,13.7
Brunei,2003,Developing,76.0,13.4
Brunei,2002,Developing,74.8,13.3
Brunei,2001,Developing,74.7,13.4
Brunei,2000,Developing,74.4,13.4
Bulgaria,2015,Developed,74.5,15.0
Bulgaria,2014,Developed,74.3,14.8
Bulgaria,2013,Developed,74.1,14.4
Bulgaria,2012,Developed,73.9,14.3
Bulgaria,2011,Developed,73.7,14.2
Bulgaria,2010,Developed,73.4,13.9
Bulgaria,2009,Developed,73.2,13.8
Bulgaria,2008,Developed,72.9,13.8
Bulgaria,2007,Developed,72.6,13.5
Bulgaria,2006,Developed,72.2,13.5
Bulgaria,2005,Developed,72.1,13.5
Bulgaria,2004,Developed,72.2,13.3
Bulgaria,2003,Developed,72.0,12.9
Bulgaria,2002,Developed,71.8,12.9
Bulgaria,2001,Developed,71.6,12.9
Bulgaria,2000,Developed,71.1,12.9
Burkina Faso,2015,Developing,59.9,7.7
Burkina Faso,2014,Developing,59.3,7.7
Burkina Faso,2013,Developing,59.0,7.5
Burkina Faso,2012,Developing,58.6,7.2
Burkina Faso,2011,Developing,58.1,6.7
Burkina Faso,2010,Developing,57.5,6.3
Burkina Faso,2009,Developing,56.9,5.9
Burkina Faso,2008,Developing,56.1,5.4
Burkina Faso,2007,Developing,55.3,4.9
Burkina Faso,2006,Developing,54.3,4.7
Burkina Faso,2005,Developing,53.3,4.3
Burkina Faso,2004,Developing,52.4,3.9
Burkina Faso,2003,Developing,51.6,3.8
Burkina Faso,2002,Developing,51.0,3.6
Burkina Faso,2001,Developing,56.0,3.5
Burkina Faso,2000,Developing,51.0,3.4
Burundi,2015,Developing,59.6,10.6
Burundi,2014,Developing,59.1,10.6
Burundi,2013,Developing,58.6,10.5
Burundi,2012,Developing,58.0,10.3
Burundi,2011,Developing,57.4,9.9
Burundi,2010,Developing,56.8,9.3
Burundi,2009,Developing,56.2,8.6
Burundi,2008,Developing,55.3,7.9
Burundi,2007,Developing,54.8,7.2
Burundi,2006,Developing,54.1,5.9
Burundi,2005,Developing,53.4,5.6
Burundi,2004,Developing,52.6,5.2
Burundi,2003,Developing,51.9,4.7
Burundi,2002,Developing,51.5,4.4
Burundi,2001,Developing,51.3,4.5
Burundi,2000,Developing,58.0,4.5
Cape Verde,2015,Developing,73.3,13.5
Cape Verde,2014,Developing,73.0,13.5
Cape Verde,2013,Developing,72.8,13.6
Cape Verde,2012,Developing,72.7,13.2
Cape Verde,2011,Developing,72.6,13.1
Cape Verde,2010,Developing,72.5,12.7
Cape Verde,2009,Developing,72.4,12.4
Cape Verde,2008,Developing,72.4,12.2
Cape Verde,2007,Developing,72.3,11.9
Cape Verde,2006,Developing,72.1,11.9
Cape Verde,2005,Developing,71.8,11.2
Cape Verde,2004,Developing,71.4,11.1
Cape Verde,2003,Developing,71.1,11.3
Cape Verde,2002,Developing,77.0,11.3
Cape Verde,2001,Developing,73.0,11.0
Cape Verde,2000,Developing,69.9,11.3
Cambodia,2015,Developing,68.7,10.9
Cambodia,2014,Developing,68.3,10.9
Cambodia,2013,Developing,67.8,10.8
Cambodia,2012,Developing,67.4,10.7
Cambodia,2011,Developing,67.0,10.7
Cambodia,2010,Developing,66.6,10.6
Cambodia,2009,Developing,66.1,10.5
Cambodia,2008,Developing,65.6,10.5
Cambodia,2007,Developing,65.0,10.3
Cambodia,2006,Developing,64.1,10.1
Cambodia,2005,Developing,62.9,10.0
Cambodia,2004,Developing,61.5,9.7
Cambodia,2003,Developing,63.0,9.3
Cambodia,2002,Developing,59.3,8.2
Cambodia,2001,Developing,58.5,7.6
Cambodia,2000,Developing,57.7,7.2
Cameroon,2015,Developing,57.3,10.4
Cameroon,2014,Developing,56.7,10.4
Cameroon,2013,Developing,56.4,10.4
Cameroon,2012,Developing,55.9,10.4
Cameroon,2011,Developing,55.6,10.0
Cameroon,2010,Developing,55.3,9.7
Cameroon,2009,Developing,54.8,9.2
Cameroon,2008,Developing,54.2,8.8
Cameroon,2007,Developing,53.6,8.0
Cameroon,2006,Developing,53.3,8.2
Cameroon,2005,Developing,52.8,8.3
Cameroon,2004,Developing,52.1,8.2
Cameroon,2003,Developing,51.8,8.1
Cameroon,2002,Developing,51.6,8.4
Cameroon,2001,Developing,51.5,7.1
Cameroon,2000,Developing,51.4,6.9
Canada,2015,Developing,82.2,16.3
Canada,2014,Developing,82.0,15.9
Canada,2013,Developing,81.8,15.9
Canada,2012,Developing,81.6,15.9
Canada,2011,Developing,81.5,15.9
Canada,2010,Developing,81.2,15.9
Canada,2009,Developing,81.0,15.9
Canada,2008,Developing,87.0,15.8
Canada,2007,Developing,85.0,15.8
Canada,2006,Developing,85.0,15.8
Canada,2005,Developing,81.0,15.8
Canada,2004,Developing,80.0,15.8
Canada,2003,Developing,79.7,15.8
Canada,2002,Developing,79.5,15.8
Canada,2001,Developing,79.4,15.8
Canada,2000,Developing,79.1,15.9
Central African Republic,2015,Developing,52.5,7.1
Central African Republic,2014,Developing,58.0,7.1
Central African Republic,2013,Developing,49.9,7.1
Central African Republic,2012,Developing,53.0,7.1
Central African Republic,2011,Developing,49.8,6.8
Central African Republic,2010,Developing,49.2,6.6
Central African Republic,2009,Developing,48.6,6.4
Central African Republic,2008,Developing,47.6,6.3
Central African Republic,2007,Developing,46.8,6.2
Central African Republic,2006,Developing,46.3,6.0
Central African Republic,2005,Developing,45.9,5.9
Central African Republic,2004,Developing,45.7,5.7
Central African Republic,2003,Developing,45.7,5.6
Central African Republic,2002,Developing,45.6,5.4
Central African Republic,2001,Developing,45.6,5.3
Central African Republic,2000,Developing,46.0,5.2
Chad,2015,Developing,53.1,7.3
Chad,2014,Developing,52.6,7.3
Chad,2013,Developing,52.2,7.3
Chad,2012,Developing,51.8,7.3
Chad,2011,Developing,51.6,6.7
Chad,2010,Developing,51.2,6.7
Chad,2009,Developing,57.0,6.3
Chad,2008,Developing,49.6,6.0
Chad,2007,Developing,49.4,5.7
Chad,2006,Developing,48.5,5.5
Chad,2005,Developing,48.6,5.6
Chad,2004,Developing,48.5,5.6
Chad,2003,Developing,48.4,5.4
Chad,2002,Developing,48.1,5.1
Chad,2001,Developing,48.0,4.9
Chad,2000,Developing,47.6,4.7
Chile,2015,Developing,85.0,16.3
Chile,2014,Developing,83.0,16.2
Chile,2013,Developing,81.0,15.6
Chile,2012,Developing,79.9,15.5
Chile,2011,Developing,79.8,15.4
Chile,2010,Developing,79.1,15.2
Chile,2009,Developing,79.3,15.3
Chile,2008,Developing,79.6,15.2
Chile,2007,Developing,78.9,14.8
Chile,2006,Developing,78.9,14.9
Chile,2005,Developing,78.4,14.6
Chile,2004,Developing,78.0,14.3
Chile,2003,Developing,77.9,14.0
Chile,2002,Developing,77.8,13.9
Chile,2001,Developing,77.3,13.7
Chile,2000,Developing,77.3,13.5
China,2015,Developing,76.1,13.5
China,2014,Developing,75.8,13.1
China,2013,Developing,75.6,12.7
China,2012,Developing,75.4,12.4
China,2011,Developing,75.2,12.8
China,2010,Developing,75.0,12.5
China,2009,Developing,74.9,12.2
China,2008,Developing,74.5,11.9
China,2007,Developing,74.4,11.4
China,2006,Developing,74.2,11.0
China,2005,Developing,73.9,10.6
China,2004,Developing,73.5,10.2
China,2003,Developing,73.1,9.9
China,2002,Developing,72.7,9.7
China,2001,Developing,72.2,9.6
China,2000,Developing,71.7,9.5
Colombia,2015,Developing,74.8,13.6
Colombia,2014,Developing,74.6,13.6
Colombia,2013,Developing,74.4,13.3
Colombia,2012,Developing,74.3,13.2
Colombia,2011,Developing,74.2,13.0
Colombia,2010,Developing,73.6,12.8
Colombia,2009,Developing,73.6,12.4
Colombia,2008,Developing,73.5,12.2
Colombia,2007,Developing,73.5,11.9
Colombia,2006,Developing,73.1,11.5
Colombia,2005,Developing,73.1,11.1
Colombia,2004,Developing,72.8,11.3
Colombia,2003,Developing,72.4,11.6
Colombia,2002,Developing,71.8,11.5
Colombia,2001,Developing,71.5,11.4
Colombia,2000,Developing,71.4,11.3
Comoros,2015,Developing,63.5,11.1
Comoros,2014,Developing,63.2,11.1
Comoros,2013,Developing,62.9,10.9
Comoros,2012,Developing,62.5,10.8
Comoros,2011,Developing,62.2,10.6
Comoros,2010,Developing,61.8,10.5
Comoros,2009,Developing,61.3,10.3
Comoros,2008,Developing,61.0,10.2
Comoros,2007,Developing,66.0,10.0
Comoros,2006,Developing,63.0,9.9
Comoros,2005,Developing,60.0,9.7
Comoros,2004,Developing,59.8,9.5
Comoros,2003,Developing,59.6,9.2
Comoros,2002,Developing,59.5,8.8
Comoros,2001,Developing,59.5,8.5
Comoros,2000,Developing,59.5,8.2
Congo,2015,Developing,64.7,11.1
Congo,2014,Developing,64.2,11.1
Congo,2013,Developing,63.9,11.1
Congo,2012,Developing,63.7,10.2
Congo,2011,Developing,62.9,10.7
Congo,2010,Developing,62.0,10.5
Congo,2009,Developing,68.0,10.3
Congo,2008,Developing,59.4,10.0
Congo,2007,Developing,58.2,9.8
Congo,2006,Developing,56.9,9.6
Congo,2005,Developing,55.3,9.4
Congo,2004,Developing,54.1,9.2
Congo,2003,Developing,53.2,9.4
Congo,2002,Developing,52.6,9.5
Congo,2001,Developing,52.7,9.7
Congo,2000,Developing,52.9,9.8
Costa Rica,2015,Developing,79.6,14.2
Costa Rica,2014,Developing,79.5,13.9
Costa Rica,2013,Developing,79.4,13.7
Costa Rica,2012,Developing,79.2,13.6
Costa Rica,2011,Developing,79.0,13.4
Costa Rica,2010,Developing,78.1,13.3
Costa Rica,2009,Developing,79.2,13.1
Costa Rica,2008,Developing,78.9,12.9
Costa Rica,2007,Developing,78.9,12.8
Costa Rica,2006,Developing,78.0,12.6
Costa Rica,2005,Developing,78.6,12.4
Costa Rica,2004,Developing,77.7,12.2
Costa Rica,2003,Developing,78.0,12.1
Costa Rica,2002,Developing,78.3,11.9
Costa Rica,2001,Developing,77.5,11.7
Costa Rica,2000,Developing,77.6,11.6
Croatia,2015,Developed,78.0,15.3
Croatia,2014,Developed,77.8,15.1
Croatia,2013,Developed,77.7,14.9
Croatia,2012,Developed,77.1,14.6
Croatia,2011,Developed,77.0,14.5
Croatia,2010,Developed,76.6,14.2
Croatia,2009,Developed,76.3,14.2
Croatia,2008,Developed,76.0,14.3
Croatia,2007,Developed,75.8,14.3
Croatia,2006,Developed,75.9,13.9
Croatia,2005,Developed,75.2,13.6
Croatia,2004,Developed,75.4,13.3
Croatia,2003,Developed,74.7,12.9
Croatia,2002,Developed,74.8,12.6
Croatia,2001,Developed,74.9,12.3
Croatia,2000,Developed,74.7,12.2
Cuba,2015,Developing,79.1,13.9
Cuba,2014,Developing,79.0,14.0
Cuba,2013,Developing,78.7,14.7
Cuba,2012,Developing,78.7,15.7
Cuba,2011,Developing,78.8,16.5
Cuba,2010,Developing,78.0,17.6
Cuba,2009,Developing,78.1,17.7
Cuba,2008,Developing,77.9,17.1
Cuba,2007,Developing,78.1,16.0
Cuba,2006,Developing,78.0,14.7
Cuba,2005,Developing,77.2,14.2
Cuba,2004,Developing,77.3,13.2
Cuba,2003,Developing,77.4,12.9
Cuba,2002,Developing,77.7,12.5
Cuba,2001,Developing,76.7,12.3
Cuba,2000,Developing,76.9,12.1
Cyprus,2015,Developed,85.0,14.3
Cyprus,2014,Developed,83.0,14.0
Cyprus,2013,Developed,81.0,13.8
Cyprus,2012,Developed,80.0,13.8
Cyprus,2011,Developed,79.7,13.8
Cyprus,2010,Developed,79.5,14.6
Cyprus,2009,Developed,79.3,14.1
Cyprus,2008,Developed,79.1,13.7
Cyprus,2007,Developed,78.9,13.5
Cyprus,2006,Developed,78.8,13.4
Cyprus,2005,Developed,78.7,13.5
Cyprus,2004,Developed,78.6,13.4
Cyprus,2003,Developed,78.5,13.0
Cyprus,2002,Developed,78.4,12.5
Cyprus,2001,Developed,78.2,12.4
Cyprus,2000,Developed,78.1,12.5
Denmark,2015,Developed,86.0,19.2
Denmark,2014,Developed,84.0,19.2
Denmark,2013,Developed,81.0,18.7
Denmark,2012,Developed,80.0,18.4
Denmark,2011,Developed,79.7,16.9
Denmark,2010,Developed,79.2,16.8
Denmark,2009,Developed,78.9,16.8
Denmark,2008,Developed,78.8,16.8
Denmark,2007,Developed,78.4,16.7
Denmark,2006,Developed,78.1,16.9
Denmark,2005,Developed,78.1,16.6
Denmark,2004,Developed,77.7,16.5
Denmark,2003,Developed,77.3,16.3
Denmark,2002,Developed,77.0,16.6
Denmark,2001,Developed,77.0,16.2
Denmark,2000,Developed,76.9,16.5
Djibouti,2015,Developing,63.5,6.3
Djibouti,2014,Developing,63.0,6.3
Djibouti,2013,Developing,62.7,6.3
Djibouti,2012,Developing,62.2,6.3
Djibouti,2011,Developing,61.8,5.9
Djibouti,2010,Developing,61.3,5.5
Djibouti,2009,Developing,69.0,5.3
Djibouti,2008,Developing,62.0,5.0
Djibouti,2007,Developing,59.8,4.5
Djibouti,2006,Developing,59.1,4.3
Djibouti,2005,Developing,58.6,4.0
Djibouti,2004,Developing,58.1,3.7
Djibouti,2003,Developing,58.0,3.5
Djibouti,2002,Developing,57.9,3.3
Djibouti,2001,Developing,57.7,2.9
Djibouti,2000,Developing,57.4,2.9
Dominican Republic,2015,Developing,73.9,13.2
Dominican Republic,2014,Developing,73.6,13.2
Dominican Republic,2013,Developing,73.4,13.2
Dominican Republic,2012,Developing,72.1,13.1
Dominican Republic,2011,Developing,73.1,13.0
Dominican Republic,2010,Developing,72.7,12.9
Dominican Republic,2009,Developing,73.6,12.9
Dominican Republic,2008,Developing,73.3,12.8
Dominican Republic,2007,Developing,72.9,12.7
Dominican Republic,2006,Developing,72.3,12.6
Dominican Republic,2005,Developing,69.7,12.6
Dominican Republic,2004,Developing,69.3,12.5
Dominican Republic,2003,Developing,73.0,12.4
Dominican Republic,2002,Developing,71.4,12.3
Dominican Republic,2001,Developing,71.2,12.3
Dominican Republic,2000,Developing,72.0,12.2
Ecuador,2015,Developing,76.2,14.0
Ecuador,2014,Developing,76.0,14.0
Ecuador,2013,Developing,76.0,13.4
Ecuador,2012,Developing,75.5,13.3
Ecuador,2011,Developing,75.3,13.2
Ecuador,2010,Developing,75.0,13.1
Ecuador,2009,Developing,75.1,13.1
Ecuador,2008,Developing,74.6,13.0
Ecuador,2007,Developing,74.7,12.9
Ecuador,2006,Developing,74.4,12.8
Ecuador,2005,Developing,74.2,12.8
Ecuador,2004,Developing,74.4,12.7
Ecuador,2003,Developing,74.4,12.6
Ecuador,2002,Developing,73.6,12.5
Ecuador,2001,Developing,73.4,12.4
Ecuador,2000,Developing,72.8,12.4
Egypt,2015,Developing,79.0,13.1
Egypt,2014,Developing,78.0,13.1
Egypt,2013,Developing,79.0,12.8
Egypt,2012,Developing,72.0,12.4
Egypt,2011,Developing,74.0,12.4
Egypt,2010,Developing,70.0,12.2
Egypt,2009,Developing,69.9,12.0
Egypt,2008,Developing,69.8,11.9
Egypt,2007,Developing,69.7,11.7
Egypt,2006,Developing,69.5,11.5
Egypt,2005,Developing,69.4,11.4
Egypt,2004,Developing,69.0,11.2
Egypt,2003,Developing,68.6,11.3
Egypt,2002,Developing,68.7,11.2
Egypt,2001,Developing,68.6,11.1
Egypt,2000,Developing,68.8,11.0
El Salvador,2015,Developing,73.5,13.2
El Salvador,2014,Developing,73.3,13.2
El Salvador,2013,Developing,73.0,13.2
El Salvador,2012,Developing,73.0,13.2
El Salvador,2011,Developing,72.0,13.0
El Salvador,2010,Developing,72.0,12.9
El Salvador,2009,Developing,71.4,12.8
El Salvador,2008,Developing,71.7,13.4
El Salvador,2007,Developing,71.2,12.9
El Salvador,2006,Developing,75.0,12.9
El Salvador,2005,Developing,71.0,12.7
El Salvador,2004,Developing,70.0,12.4
El Salvador,2003,Developing,69.9,12.0
El Salvador,2002,Developing,73.0,11.8
El Salvador,2001,Developing,68.9,11.6
El Salvador,2000,Developing,69.0,11.3
Equatorial Guinea,2015,Developing,58.2,9.2
Equatorial Guinea,2014,Developing,57.9,9.2
Equatorial Guinea,2013,Developing,57.4,9.2
Equatorial Guinea,2012,Developing,56.7,9.2
Equatorial Guinea,2011,Developing,56.2,9.2
Equatorial Guinea,2010,Developing,56.1,9.2
Equatorial Guinea,2009,Developing,55.7,9.1
Equatorial Guinea,2008,Developing,55.4,9.1
Equatorial Guinea,2007,Developing,55.0,9.0
Equatorial Guinea,2006,Developing,54.8,9.0
Equatorial Guinea,2005,Developing,54.4,8.7
Equatorial Guinea,2004,Developing,54.1,8.5
Equatorial Guinea,2003,Developing,53.8,8.4
Equatorial Guinea,2002,Developing,53.5,8.2
Equatorial Guinea,2001,Developing,53.1,8.0
Equatorial Guinea,2000,Developing,52.7,0.0
Eritrea,2015,Developing,64.7,5.0
Eritrea,2014,Developing,64.4,5.0
Eritrea,2013,Developing,64.0,5.0
Eritrea,2012,Developing,63.6,5.0
Eritrea,2011,Developing,62.9,5.0
Eritrea,2010,Developing,62.1,5.1
Eritrea,2009,Developing,61.4,5.2
Eritrea,2008,Developing,67.0,5.2
Eritrea,2007,Developing,62.0,5.3
Eritrea,2006,Developing,59.7,5.3
Eritrea,2005,Developing,59.4,5.4
Eritrea,2004,Developing,59.1,5.0
Eritrea,2003,Developing,58.8,4.7
Eritrea,2002,Developing,58.5,4.4
Eritrea,2001,Developing,58.1,4.3
Eritrea,2000,Developing,45.3,3.9
Estonia,2015,Developing,77.6,16.5
Estonia,2014,Developing,77.3,16.5
Estonia,2013,Developing,76.9,16.5
Estonia,2012,Developing,76.3,16.5
Estonia,2011,Developing,76.1,16.4
Estonia,2010,Developing,75.6,16.2
Estonia,2009,Developing,74.9,16.1
Estonia,2008,Developing,74.2,16.1
Estonia,2007,Developing,73.0,16.1
Estonia,2006,Developing,73.0,16.1
Estonia,2005,Developing,72.8,15.9
Estonia,2004,Developing,72.3,15.7
Estonia,2003,Developing,71.9,15.6
Estonia,2002,Developing,71.2,15.4
Estonia,2001,Developing,78.0,15.0
Estonia,2000,Developing,78.0,14.4
Ethiopia,2015,Developing,64.8,8.4
Ethiopia,2014,Developing,64.2,8.4
Ethiopia,2013,Developing,63.7,8.4
Ethiopia,2012,Developing,63.3,8.4
Ethiopia,2011,Developing,62.6,8.2
Ethiopia,2010,Developing,61.8,8.1
Ethiopia,2009,Developing,68.0,8.1
Ethiopia,2008,Developing,59.8,7.6
Ethiopia,2007,Developing,58.5,7.1
Ethiopia,2006,Developing,57.2,6.6
Ethiopia,2005,Developing,56.0,5.8
Ethiopia,2004,Developing,55.0,5.4
Ethiopia,2003,Developing,54.0,5.2
Ethiopia,2002,Developing,53.2,4.9
Ethiopia,2001,Developing,52.5,4.3
Ethiopia,2000,Developing,51.2,3.9
Fiji,2015,Developing,69.9,15.3
Fiji,2014,Developing,69.7,15.2
Fiji,2013,Developing,69.6,15.0
Fiji,2012,Developing,69.4,14.9
Fiji,2011,Developing,69.2,14.7
Fiji,2010,Developing,69.1,14.6
Fiji,2009,Developing,68.9,14.5
Fiji,2008,Developing,68.7,14.3
Fiji,2007,Developing,68.6,14.2
Fiji,2006,Developing,68.5,14.0
Fiji,2005,Developing,68.3,13.9
Fiji,2004,Developing,68.1,13.4
Fiji,2003,Developing,68.0,13.3
Fiji,2002,Developing,67.9,13.3
Fiji,2001,Developing,67.8,13.2
Fiji,2000,Developing,67.7,13.1
Finland,2015,Developing,81.1,17.0
Finland,2014,Developing,89.0,17.0
Finland,2013,Developing,87.0,17.0
Finland,2012,Developing,84.0,17.0
Finland,2011,Developing,83.0,16.9
Finland,2010,Developing,79.9,16.8
Finland,2009,Developing,79.7,17.0
Finland,2008,Developing,79.6,17.1
Finland,2007,Developing,79.3,17.2
Finland,2006,Developing,79.2,17.2
Finland,2005,Developing,78.9,17.1
Finland,2004,Developing,78.7,18.3
Finland,2003,Developing,78.4,18.1
Finland,2002,Developing,78.1,18.0
Finland,2001,Developing,78.0,17.7
Finland,2000,Developing,77.5,17.3
France,2015,Developing,82.4,16.3
France,2014,Developing,82.2,16.2
France,2013,Developing,82.0,16.2
France,2012,Developing,81.5,16.1
France,2011,Developing,81.7,16.1
France,2010,Developing,81.3,16.0
France,2009,Developing,81.1,16.0
France,2008,Developing,89.0,16.1
France,2007,Developing,89.0,16.1
France,2006,Developing,86.0,16.1
France,2005,Developing,81.0,15.5
France,2004,Developing,82.0,15.5
France,2003,Developing,79.3,15.4
France,2002,Developing,79.2,15.5
France,2001,Developing,79.0,15.6
France,2000,Developing,78.8,15.7
Gabon,2015,Developing,66.0,12.6
Gabon,2014,Developing,65.5,12.6
Gabon,2013,Developing,64.6,12.5
Gabon,2012,Developing,63.5,12.5
Gabon,2011,Developing,62.8,12.5
Gabon,2010,Developing,62.3,12.5
Gabon,2009,Developing,61.7,12.4
Gabon,2008,Developing,61.6,12.4
Gabon,2007,Developing,61.6,12.4
Gabon,2006,Developing,61.4,12.4
Gabon,2005,Developing,65.0,12.4
Gabon,2004,Developing,59.7,12.3
Gabon,2003,Developing,59.7,12.3
Gabon,2002,Developing,59.7,12.3
Gabon,2001,Developing,59.8,12.3
Gabon,2000,Developing,61.0,12.2
Gambia,2015,Developing,61.1,8.9
Gambia,2014,Developing,68.0,8.9
Gambia,2013,Developing,66.0,8.9
Gambia,2012,Developing,62.0,8.8
Gambia,2011,Developing,59.8,8.7
Gambia,2010,Developing,59.3,8.8
Gambia,2009,Developing,59.0,8.9
Gambia,2008,Developing,58.7,8.6
Gambia,2007,Developing,58.5,8.4
Gambia,2006,Developing,58.2,8.1
Gambia,2005,Developing,57.7,7.8
Gambia,2004,Developing,57.3,7.6
Gambia,2003,Developing,57.0,7.3
Gambia,2002,Developing,56.6,7.0
Gambia,2001,Developing,56.3,6.8
Gambia,2000,Developing,55.9,6.5
Georgia,2015,Developing,74.4,13.9
Georgia,2014,Developing,74.5,13.5
Georgia,2013,Developing,74.5,13.5
Georgia,2012,Developing,74.2,13.4
Georgia,2011,Developing,73.9,13.3
Georgia,2010,Developing,73.8,13.3
Georgia,2009,Developing,73.2,12.8
Georgia,2008,Developing,73.9,13.1
Georgia,2007,Developing,74.4,12.5
Georgia,2006,Developing,73.9,12.6
Georgia,2005,Developing,73.9,12.2
Georgia,2004,Developing,72.3,12.0
Georgia,2003,Developing,72.7,11.8
Georgia,2002,Developing,71.7,11.8
Georgia,2001,Developing,73.0,11.7
Georgia,2000,Developing,71.8,11.4
Germany,2015,Developed,81.0,17.1
Germany,2014,Developed,89.0,17.0
Germany,2013,Developed,86.0,16.9
Germany,2012,Developed,86.0,16.9
Germany,2011,Developed,85.0,16.8
Germany,2010,Developed,81.0,16.7
Germany,2009,Developed,80.0,16.7
Germany,2008,Developed,79.9,16.6
Germany,2007,Developed,79.8,16.6
Germany,2006,Developed,79.6,16.5
Germany,2005,Developed,79.2,16.4
Germany,2004,Developed,79.1,16.4
Germany,2003,Developed,78.5,16.3
Germany,2002,Developed,78.4,16.3
Germany,2001,Developed,78.3,16.2
Germany,2000,Developed,78.0,16.2
Ghana,2015,Developing,62.4,11.4
Ghana,2014,Developing,62.1,11.7
Ghana,2013,Developing,61.9,11.5
Ghana,2012,Developing,61.6,11.2
Ghana,2011,Developing,61.2,10.9
Ghana,2010,Developing,69.0,10.5
Ghana,2009,Developing,66.0,10.4
Ghana,2008,Developing,63.0,9.8
Ghana,2007,Developing,59.9,9.1
Ghana,2006,Developing,59.4,8.7
Ghana,2005,Developing,58.9,8.1
Ghana,2004,Developing,58.3,7.7
Ghana,2003,Developing,57.9,7.9
Ghana,2002,Developing,57.6,7.6
Ghana,2001,Developing,57.4,8.0
Ghana,2000,Developing,57.2,7.7
Greece,2015,Developing,81.0,17.2
Greece,2014,Developing,88.0,17.2
Greece,2013,Developing,86.0,17.1
Greece,2012,Developing,84.0,16.8
Greece,2011,Developing,85.0,16.7
Greece,2010,Developing,83.0,16.4
Greece,2009,Developing,80.0,16.2
Greece,2008,Developing,79.9,15.9
Greece,2007,Developing,79.4,16.4
Greece,2006,Developing,79.7,16.3
Greece,2005,Developing,79.3,15.6
Greece,2004,Developing,79.2,15.3
Greece,2003,Developing,79.1,15.2
Greece,2002,Developing,79.0,14.6
Greece,2001,Developing,78.7,14.2
Greece,2000,Developing,78.2,13.9
Grenada,2015,Developing,73.6,15.8
Grenada,2014,Developing,73.5,15.8
Grenada,2013,Developing,73.3,15.8
Grenada,2012,Developing,73.1,15.8
Grenada,2011,Developing,72.9,15.8
Grenada,2010,Developing,72.6,15.8
Grenada,2009,Developing,72.4,15.6
Grenada,2008,Developing,72.1,15.4
Grenada,2007,Developing,71.9,15.3
Grenada,2006,Developing,71.7,15.1
Grenada,2005,Developing,71.5,14.9
Grenada,2004,Developing,73.0,14.8
Grenada,2003,Developing,71.1,14.6
Grenada,2002,Developing,79.0,14.4
Grenada,2001,Developing,77.0,14.3
Grenada,2000,Developing,74.0,14.1
Guatemala,2015,Developing,71.9,10.7
Guatemala,2014,Developing,71.7,10.7
Guatemala,2013,Developing,71.4,10.7
Guatemala,2012,Developing,71.3,10.6
Guatemala,2011,Developing,71.1,10.5
Guatemala,2010,Developing,77.0,10.5
Guatemala,2009,Developing,76.0,10.4
Guatemala,2008,Developing,79.0,10.4
Guatemala,2007,Developing,75.0,10.1
Guatemala,2006,Developing,69.7,9.8
Guatemala,2005,Developing,69.2,9.6
Guatemala,2004,Developing,69.6,9.3
Guatemala,2003,Developing,69.4,9.0
Guatemala,2002,Developing,69.3,8.8
Guatemala,2001,Developing,68.4,8.5
Guatemala,2000,Developing,67.7,8.2
Guinea,2015,Developing,59.0,8.8
Guinea,2014,Developing,58.1,8.6
Guinea,2013,Developing,58.8,8.5
Guinea,2012,Developing,58.4,8.5
Guinea,2011,Developing,58.1,8.4
Guinea,2010,Developing,57.8,8.3
Guinea,2009,Developing,57.3,8.1
Guinea,2008,Developing,56.8,7.9
Guinea,2007,Developing,56.4,7.6
Guinea,2006,Developing,55.6,7.1
Guinea,2005,Developing,54.7,6.6
Guinea,2004,Developing,54.0,5.1
Guinea,2003,Developing,53.3,5.9
Guinea,2002,Developing,52.9,5.5
Guinea,2001,Developing,52.5,5.1
Guinea,2000,Developing,52.5,4.8
Guinea-Bissau,2015,Developing,58.9,9.2
Guinea-Bissau,2014,Developing,58.4,9.2
Guinea-Bissau,2013,Developing,58.1,9.1
Guinea-Bissau,2012,Developing,57.6,9.1
Guinea-Bissau,2011,Developing,57.1,9.0
Guinea-Bissau,2010,Developing,56.7,8.9
Guinea-Bissau,2009,Developing,56.3,8.9
Guinea-Bissau,2008,Developing,55.6,8.8
Guinea-Bissau,2007,Developing,55.0,8.8
Guinea-Bissau,2006,Developing,54.4,8.3
Guinea-Bissau,2005,Developing,53.9,8.0
Guinea-Bissau,2004,Developing,53.5,7.7
Guinea-Bissau,2003,Developing,53.0,7.4
Guinea-Bissau,2002,Developing,52.8,7.1
Guinea-Bissau,2001,Developing,52.5,6.7
Guinea-Bissau,2000,Developing,52.1,6.4
Guyana,2015,Developing,66.2,10.3
Guyana,2014,Developing,66.0,10.3
Guyana,2013,Developing,65.9,10.3
Guyana,2012,Developing,65.8,10.6
Guyana,2011,Developing,65.6,10.3
Guyana,2010,Developing,65.9,10.2
Guyana,2009,Developing,66.1,10.5
Guyana,2008,Developing,66.3,10.7
Guyana,2007,Developing,65.7,11.2
Guyana,2006,Developing,65.2,11.7
Guyana,2005,Developing,65.0,11.4
Guyana,2004,Developing,65.1,11.2
Guyana,2003,Developing,65.3,11.1
Guyana,2002,Developing,65.3,11.0
Guyana,2001,Developing,65.4,10.9
Guyana,2000,Developing,65.4,10.9
Haiti,2015,Developing,63.5,9.1
Haiti,2014,Developing,63.1,9.1
Haiti,2013,Developing,62.7,9.1
Haiti,2012,Developing,62.3,8.9
Haiti,2011,Developing,62.3,8.7
Haiti,2010,Developing,36.3,8.6
Haiti,2009,Developing,62.5,8.5
Haiti,2008,Developing,62.1,8.4
Haiti,2007,Developing,61.8,8.4
Haiti,2006,Developing,61.1,8.3
Haiti,2005,Developing,65.0,8.2
Haiti,2004,Developing,58.7,8.1
Haiti,2003,Developing,59.7,8.1
Haiti,2002,Developing,59.3,8.0
Haiti,2001,Developing,58.9,7.9
Haiti,2000,Developing,58.6,7.8
Honduras,2015,Developing,74.6,11.2
Honduras,2014,Developing,74.5,11.4
Honduras,2013,Developing,74.3,11.6
Honduras,2012,Developing,74.1,11.6
Honduras,2011,Developing,73.9,11.7
Honduras,2010,Developing,73.6,11.5
Honduras,2009,Developing,73.4,11.3
Honduras,2008,Developing,73.2,11.1
Honduras,2007,Developing,73.0,10.9
Honduras,2006,Developing,72.8,10.8
Honduras,2005,Developing,72.5,10.6
Honduras,2004,Developing,72.2,10.4
Honduras,2003,Developing,71.9,10.3
Honduras,2002,Developing,71.6,10.1
Honduras,2001,Developing,71.3,9.9
Honduras,2000,Developing,71.0,9.8
Hungary,2015,Developed,75.8,15.6
Hungary,2014,Developed,75.6,15.8
Hungary,2013,Developed,75.5,15.4
Hungary,2012,Developed,75.0,15.4
Hungary,2011,Developed,74.8,15.4
Hungary,2010,Developed,74.5,15.3
Hungary,2009,Developed,74.2,15.3
Hungary,2008,Developed,74.1,15.3
Hungary,2007,Developed,73.5,15.3
Hungary,2006,Developed,73.4,15.2
Hungary,2005,Developed,72.9,15.0
Hungary,2004,Developed,72.9,15.3
Hungary,2003,Developed,72.5,14.9
Hungary,2002,Developed,72.5,14.6
Hungary,2001,Developed,72.3,14.2
Hungary,2000,Developed,71.7,13.9
Iceland,2015,Developed,82.7,19.0
Iceland,2014,Developed,82.5,19.0
Iceland,2013,Developed,82.4,19.0
Iceland,2012,Developed,82.5,18.7
Iceland,2011,Developed,82.1,18.6
Iceland,2010,Developed,81.8,18.4
Iceland,2009,Developed,81.6,18.4
Iceland,2008,Developed,81.4,18.2
Iceland,2007,Developed,81.3,18.2
Iceland,2006,Developed,81.1,18.1
Iceland,2005,Developed,81.0,17.9
Iceland,2004,Developed,88.0,18.3
Iceland,2003,Developed,87.0,17.6
Iceland,2002,Developed,84.0,17.2
Iceland,2001,Developed,80.0,17.1
Iceland,2000,Developed,79.7,16.8
India,2015,Developing,68.3,11.6
India,2014,Developing,68.0,11.6
India,2013,Developing,67.6,11.5
India,2012,Developing,67.3,11.3
India,2011,Developing,66.8,10.8
India,2010,Developing,66.4,10.4
India,2009,Developing,66.0,10.5
India,2008,Developing,65.5,10.2
India,2007,Developing,65.2,9.9
India,2006,Developing,64.8,9.7
India,2005,Developing,64.4,9.4
India,2004,Developing,64.0,9.2
India,2003,Developing,63.7,8.6
India,2002,Developing,63.3,8.4
India,2001,Developing,62.9,8.3
India,2000,Developing,62.5,8.3
Indonesia,2015,Developing,69.1,12.9
Indonesia,2014,Developing,68.9,12.9
Indonesia,2013,Developing,68.7,12.9
Indonesia,2012,Developing,68.5,12.6
Indonesia,2011,Developing,68.3,12.3
Indonesia,2010,Developing,68.1,12.1
Indonesia,2009,Developing,67.9,11.7
Indonesia,2008,Developing,67.7,11.7
Indonesia,2007,Developing,67.5,11.0
Indonesia,2006,Developing,67.3,10.9
Indonesia,2005,Developing,67.2,11.1
Indonesia,2004,Developing,65.3,11.0
Indonesia,2003,Developing,66.9,10.8
Indonesia,2002,Developing,66.7,10.6
Indonesia,2001,Developing,66.5,10.6
Indonesia,2000,Developing,66.3,10.7
Iran,2015,Developing,75.5,14.8
Iran,2014,Developing,75.4,14.9
Iran,2013,Developing,75.3,15.0
Iran,2012,Developing,75.1,13.6
Iran,2011,Developing,74.7,13.1
Iran,2010,Developing,74.1,12.9
Iran,2009,Developing,73.3,12.8
Iran,2008,Developing,72.7,12.1
Iran,2007,Developing,72.4,11.8
Iran,2006,Developing,72.2,11.4
Iran,2005,Developing,72.0,11.4
Iran,2004,Developing,71.8,11.8
Iran,2003,Developing,75.0,11.8
Iran,2002,Developing,71.2,11.9
Iran,2001,Developing,78.0,11.6
Iran,2000,Developing,73.0,11.6
Iraq,2015,Developing,68.9,10.1
Iraq,2014,Developing,67.9,10.1
Iraq,2013,Developing,69.5,10.3
Iraq,2012,Developing,76.0,10.5
Iraq,2011,Developing,77.0,10.4
Iraq,2010,Developing,76.0,10.4
Iraq,2009,Developing,74.0,10.3
Iraq,2008,Developing,69.3,10.3
Iraq,2007,Developing,65.9,10.2
Iraq,2006,Developing,64.7,10.2
Iraq,2005,Developing,66.8,10.1
Iraq,2004,Developing,67.2,9.8
Iraq,2003,Developing,66.5,9.4
Iraq,2002,Developing,74.0,9.1
Iraq,2001,Developing,72.0,8.7
Iraq,2000,Developing,70.0,8.6
Ireland,2015,Developed,81.4,18.6
Ireland,2014,Developed,81.2,18.6
Ireland,2013,Developed,81.0,18.6
Ireland,2012,Developed,85.0,18.5
Ireland,2011,Developed,84.0,18.5
Ireland,2010,Developed,86.0,18.2
Ireland,2009,Developed,79.7,17.9
Ireland,2008,Developed,79.8,17.9
Ireland,2007,Developed,79.5,17.6
Ireland,2006,Developed,79.0,17.6
Ireland,2005,Developed,78.7,17.5
Ireland,2004,Developed,78.3,17.1
Ireland,2003,Developed,78.0,16.8
Ireland,2002,Developed,77.4,16.5
Ireland,2001,Developed,77.0,16.4
Ireland,2000,Developed,76.4,16.2
Israel,2015,Developing,82.5,16.0
Israel,2014,Developing,82.2,16.0
Israel,2013,Developing,82.1,15.9
Israel,2012,Developing,81.8,15.9
Israel,2011,Developing,81.8,15.8
Israel,2010,Developing,81.7,15.7
Israel,2009,Developing,81.5,15.6
Israel,2008,Developing,81.0,15.8
Israel,2007,Developing,84.0,15.7
Israel,2006,Developing,84.0,15.7
Israel,2005,Developing,80.0,15.8
Israel,2004,Developing,81.0,15.9
Israel,2003,Developing,79.7,16.0
Israel,2002,Developing,79.3,15.3
Israel,2001,Developing,79.3,15.1
Israel,2000,Developing,78.9,15.2
Italy,2015,Developed,82.7,16.3
Italy,2014,Developed,82.5,16.3
Italy,2013,Developed,82.3,16.5
Italy,2012,Developed,82.0,16.6
Italy,2011,Developed,82.0,16.4
Italy,2010,Developed,81.8,16.4
Italy,2009,Developed,81.6,16.3
Italy,2008,Developed,81.5,16.3
Italy,2007,Developed,81.3,16.1
Italy,2006,Developed,81.2,16.0
Italy,2005,Developed,88.0,15.8
Italy,2004,Developed,89.0,15.6
Italy,2003,Developed,79.9,15.4
Italy,2002,Developed,80.0,15.2
Italy,2001,Developed,79.8,14.9
Italy,2000,Developed,79.4,14.8
Jamaica,2015,Developing,76.2,12.8
Jamaica,2014,Developing,75.8,12.8
Jamaica,2013,Developing,75.6,12.8
Jamaica,2012,Developing,75.3,12.8
Jamaica,2011,Developing,75.2,12.8
Jamaica,2010,Developing,75.0,12.7
Jamaica,2009,Developing,74.7,12.7
Jamaica,2008,Developing,74.5,12.6
Jamaica,2007,Developing,74.2,12.5
Jamaica,2006,Developing,74.0,12.5
Jamaica,2005,Developing,73.5,12.4
Jamaica,2004,Developing,73.3,11.1
Jamaica,2003,Developing,73.1,11.9
Jamaica,2002,Developing,73.0,11.7
Jamaica,2001,Developing,72.7,10.9
Jamaica,2000,Developing,72.6,11.4
Japan,2015,Developed,83.7,15.3
Japan,2014,Developed,83.5,15.3
Japan,2013,Developed,83.5,15.3
Japan,2012,Developed,83.3,15.3
Japan,2011,Developed,82.5,15.1
Japan,2010,Developed,83.0,15.1
Japan,2009,Developed,83.0,15.0
Japan,2008,Developed,82.7,15.0
Japan,2007,Developed,82.6,15.0
Japan,2006,Developed,82.4,14.9
Japan,2005,Developed,82.0,14.9
Japan,2004,Developed,82.1,14.8
Japan,2003,Developed,81.9,14.8
Japan,2002,Developed,81.8,14.7
Japan,2001,Developed,81.5,14.6
Japan,2000,Developed,81.1,14.5
Jordan,2015,Developing,74.1,13.1
Jordan,2014,Developing,74.0,13.1
Jordan,2013,Developing,73.9,13.1
Jordan,2012,Developing,73.7,12.9
Jordan,2011,Developing,73.6,13.1
Jordan,2010,Developing,73.4,13.2
Jordan,2009,Developing,73.3,13.6
Jordan,2008,Developing,73.1,13.6
Jordan,2007,Developing,73.0,13.6
Jordan,2006,Developing,72.8,13.7
Jordan,2005,Developing,72.4,13.8
Jordan,2004,Developing,72.5,13.5
Jordan,2003,Developing,72.3,13.2
Jordan,2002,Developing,72.1,13.0
Jordan,2001,Developing,71.9,12.7
Jordan,2000,Developing,71.7,12.6
Kazakhstan,2015,Developing,72.0,15.0
Kazakhstan,2014,Developing,69.9,15.0
Kazakhstan,2013,Developing,69.5,15.0
Kazakhstan,2012,Developing,69.1,14.7
Kazakhstan,2011,Developing,68.5,14.4
Kazakhstan,2010,Developing,67.8,14.5
Kazakhstan,2009,Developing,67.8,14.6
Kazakhstan,2008,Developing,66.6,14.6
Kazakhstan,2007,Developing,65.3,14.7
Kazakhstan,2006,Developing,65.0,14.3
Kazakhstan,2005,Developing,64.6,13.9
Kazakhstan,2004,Developing,64.7,13.5
Kazakhstan,2003,Developing,64.4,13.1
Kazakhstan,2002,Developing,64.7,12.7
Kazakhstan,2001,Developing,64.4,12.3
Kazakhstan,2000,Developing,63.9,12.1
Kenya,2015,Developing,63.4,11.1
Kenya,2014,Developing,62.9,11.1
Kenya,2013,Developing,62.6,11.1
Kenya,2012,Developing,62.1,11.1
Kenya,2011,Developing,61.2,11.1
Kenya,2010,Developing,63.0,11.1
Kenya,2009,Developing,59.1,10.7
Kenya,2008,Developing,57.9,10.4
Kenya,2007,Developing,56.8,10.1
Kenya,2006,Developing,55.3,9.7
Kenya,2005,Developing,54.1,9.6
Kenya,2004,Developing,53.0,8.9
Kenya,2003,Developing,52.4,8.2
Kenya,2002,Developing,52.1,8.5
Kenya,2001,Developing,51.9,8.4
Kenya,2000,Developing,51.9,8.4
Kiribati,2015,Developing,66.3,11.9
Kiribati,2014,Developing,66.1,11.9
Kiribati,2013,Developing,65.8,11.9
Kiribati,2012,Developing,65.7,11.9
Kiribati,2011,Developing,65.5,11.9
Kiribati,2010,Developing,65.3,11.9
Kiribati,2009,Developing,65.2,11.9
Kiribati,2008,Developing,65.1,11.6
Kiribati,2007,Developing,65.0,11.8
Kiribati,2006,Developing,65.0,12.1
Kiribati,2005,Developing,64.9,12.2
Kiribati,2004,Developing,64.8,12.4
Kiribati,2003,Developing,64.7,11.6
Kiribati,2002,Developing,64.6,11.7
Kiribati,2001,Developing,64.3,10.4
Kiribati,2000,Developing,64.1,10.0
Kuwait,2015,Developing,74.7,13.3
Kuwait,2014,Developing,74.6,13.0
Kuwait,2013,Developing,74.5,13.1
Kuwait,2012,Developing,74.3,13.2
Kuwait,2011,Developing,74.2,13.4
Kuwait,2010,Developing,74.0,13.5
Kuwait,2009,Developing,73.9,13.6
Kuwait,2008,Developing,73.8,13.8
Kuwait,2007,Developing,73.7,13.9
Kuwait,2006,Developing,73.6,14.1
Kuwait,2005,Developing,73.6,14.2
Kuwait,2004,Developing,73.5,14.4
Kuwait,2003,Developing,73.4,14.1
Kuwait,2002,Developing,73.3,13.9
Kuwait,2001,Developing,73.2,14.0
Kuwait,2000,Developing,73.2,14.1
Kyrgyzstan,2015,Developing,71.1,13.0
Kyrgyzstan,2014,Developing,78.0,12.8
Kyrgyzstan,2013,Developing,77.0,12.5
Kyrgyzstan,2012,Developing,69.9,12.3
Kyrgyzstan,2011,Developing,69.4,12.1
Kyrgyzstan,2010,Developing,68.8,12.2
Kyrgyzstan,2009,Developing,68.5,12.4
Kyrgyzstan,2008,Developing,67.6,12.6
Kyrgyzstan,2007,Developing,67.2,12.6
Kyrgyzstan,2006,Developing,66.7,12.5
Kyrgyzstan,2005,Developing,66.9,12.4
Kyrgyzstan,2004,Developing,67.1,12.5
Kyrgyzstan,2003,Developing,66.6,12.2
Kyrgyzstan,2002,Developing,66.7,12.1
Kyrgyzstan,2001,Developing,67.2,11.8
Kyrgyzstan,2000,Developing,66.6,11.4
Laos,2015,Developing,65.7,10.8
Laos,2014,Developing,65.3,10.6
Laos,2013,Developing,64.9,10.4
Laos,2012,Developing,64.4,10.2
Laos,2011,Developing,64.0,9.9
Laos,2010,Developing,63.6,9.6
Laos,2009,Developing,63.1,9.4
Laos,2008,Developing,62.6,9.2
Laos,2007,Developing,62.1,9.0
Laos,2006,Developing,61.5,9.0
Laos,2005,Developing,61.0,8.7
Laos,2004,Developing,64.0,8.6
Laos,2003,Developing,59.8,8.3
Laos,2002,Developing,59.3,8.0
Laos,2001,Developing,58.7,8.0
Laos,2000,Developing,58.1,8.0
Latvia,2015,Developed,74.6,16.0
Latvia,2014,Developed,74.4,16.0
Latvia,2013,Developed,74.1,15.4
Latvia,2012,Developed,73.8,15.5
Latvia,2011,Developed,73.6,15.8
Latvia,2010,Developed,72.8,16.0
Latvia,2009,Developed,72.6,16.4
Latvia,2008,Developed,71.9,16.3
Latvia,2007,Developed,78.0,16.2
Latvia,2006,Developed,75.0,16.2
Latvia,2005,Developed,76.0,15.9
Latvia,2004,Developed,71.0,15.5
Latvia,2003,Developed,78.0,15.2
Latvia,2002,Developed,73.0,14.8
Latvia,2001,Developed,69.9,14.2
Latvia,2000,Developed,71.0,13.7
Lebanon,2015,Developing,74.9,13.3
Lebanon,2014,Developing,74.8,13.3
Lebanon,2013,Developing,74.9,13.3
Lebanon,2012,Developing,75.0,13.3
Lebanon,2011,Developing,75.0,13.2
Lebanon,2010,Developing,74.9,13.3
Lebanon,2009,Developing,74.7,13.2
Lebanon,2008,Developing,74.5,13.1
Lebanon,2007,Developing,74.4,12.9
Lebanon,2006,Developing,74.1,13.2
Lebanon,2005,Developing,73.9,13.7
Lebanon,2004,Developing,73.7,14.2
Lebanon,2003,Developing,73.5,14.8
Lebanon,2002,Developing,73.2,15.2
Lebanon,2001,Developing,73.0,15.0
Lebanon,2000,Developing,72.7,14.9
Lesotho,2015,Developing,53.7,10.7
Lesotho,2014,Developing,52.1,10.8
Lesotho,2013,Developing,52.1,11.1
Lesotho,2012,Developing,52.2,11.0
Lesotho,2011,Developing,52.3,11.0
Lesotho,2010,Developing,51.1,10.9
Lesotho,2009,Developing,49.4,10.8
Lesotho,2008,Developing,47.8,10.7
Lesotho,2007,Developing,46.2,10.6
Lesotho,2006,Developing,45.3,10.7
Lesotho,2005,Developing,44.5,10.7
Lesotho,2004,Developing,44.8,10.7
Lesotho,2003,Developing,45.5,10.5
Lesotho,2002,Developing,46.4,10.4
Lesotho,2001,Developing,47.8,10.3
Lesotho,2000,Developing,49.3,9.6
Liberia,2015,Developing,61.4,9.9
Liberia,2014,Developing,58.1,9.9
Liberia,2013,Developing,61.1,9.8
Liberia,2012,Developing,67.0,9.6
Liberia,2011,Developing,62.0,9.5
Liberia,2010,Developing,59.7,9.6
Liberia,2009,Developing,59.2,9.7
Liberia,2008,Developing,58.6,9.8
Liberia,2007,Developing,57.9,9.9
Liberia,2006,Developing,56.7,10.0
Liberia,2005,Developing,55.3,10.1
Liberia,2004,Developing,54.0,10.2
Liberia,2003,Developing,50.0,10.3
Liberia,2002,Developing,56.0,10.4
Liberia,2001,Developing,51.5,10.5
Liberia,2000,Developing,51.9,8.7
Libya,2015,Developing,72.7,13.4
Libya,2014,Developing,72.4,13.4
Libya,2013,Developing,72.9,13.4
Libya,2012,Developing,72.9,13.7
Libya,2011,Developing,71.3,14.0
Libya,2010,Developing,72.8,14.3
Libya,2009,Developing,72.7,14.6
Libya,2008,Developing,72.6,14.8
Libya,2007,Developing,72.5,15.1
Libya,2006,Developing,72.2,15.4
Libya,2005,Developing,71.9,15.7
Libya,2004,Developing,71.5,15.9
Libya,2003,Developing,71.3,16.0
Libya,2002,Developing,71.1,15.8
Libya,2001,Developing,71.0,15.7
Libya,2000,Developing,78.0,15.5
Lithuania,2015,Developed,73.6,16.5
Lithuania,2014,Developed,73.4,16.5
Lithuania,2013,Developed,73.0,16.4
Lithuania,2012,Developed,73.0,16.5
Lithuania,2011,Developed,72.8,16.7
Lithuania,2010,Developed,72.4,16.8
Lithuania,2009,Developed,72.2,16.6
Lithuania,2008,Developed,71.1,16.5
Lithuania,2007,Developed,72.0,16.4
Lithuania,2006,Developed,76.0,16.4
Lithuania,2005,Developed,78.0,16.2
Lithuania,2004,Developed,71.6,16.3
Lithuania,2003,Developed,71.6,15.8
Lithuania,2002,Developed,71.4,15.3
Lithuania,2001,Developed,71.2,14.7
Lithuania,2000,Developed,71.6,14.0
Luxembourg,2015,Developed,82.0,13.9
Luxembourg,2014,Developed,81.7,13.9
Luxembourg,2013,Developed,81.4,13.9
Luxembourg,2012,Developed,81.1,13.9
Luxembourg,2011,Developed,88.0,13.9
Luxembourg,2010,Developed,86.0,13.7
Luxembourg,2009,Developed,83.0,13.5
Luxembourg,2008,Developed,80.0,13.5
Luxembourg,2007,Developed,79.7,13.5
Luxembourg,2006,Developed,79.4,13.5
Luxembourg,2005,Developed,78.8,13.5
Luxembourg,2004,Developed,78.7,13.5
Luxembourg,2003,Developed,78.6,13.6
Luxembourg,2002,Developed,78.3,13.5
Luxembourg,2001,Developed,78.0,13.4
Luxembourg,2000,Developed,77.8,13.5
Madagascar,2015,Developing,65.5,10.3
Madagascar,2014,Developing,65.1,10.3
Madagascar,2013,Developing,64.7,10.3
Madagascar,2012,Developing,64.3,10.2
Madagascar,2011,Developing,63.8,10.2
Madagascar,2010,Developing,63.3,10.2
Madagascar,2009,Developing,62.8,9.7
Madagascar,2008,Developing,62.3,9.4
Madagascar,2007,Developing,61.9,9.1
Madagascar,2006,Developing,61.4,9.0
Madagascar,2005,Developing,69.0,8.9
Madagascar,2004,Developing,64.0,8.7
Madagascar,2003,Developing,59.9,8.5
Madagascar,2002,Developing,59.3,8.3
Madagascar,2001,Developing,58.7,8.2
Madagascar,2000,Developing,57.9,8.0
Malawi,2015,Developing,58.3,10.8
Malawi,2014,Developing,57.6,10.7
Malawi,2013,Developing,56.7,10.7
Malawi,2012,Developing,55.3,10.7
Malawi,2011,Developing,54.1,10.6
Malawi,2010,Developing,52.9,10.2
Malawi,2009,Developing,51.5,9.9
Malawi,2008,Developing,50.0,9.6
Malawi,2007,Developing,48.5,9.7
Malawi,2006,Developing,47.1,9.6
Malawi,2005,Developing,46.0,9.7
Malawi,2004,Developing,45.1,10.0
Malawi,2003,Developing,44.6,10.3
Malawi,2002,Developing,44.0,10.4
Malawi,2001,Developing,43.5,10.1
Malawi,2000,Developing,43.1,10.7
Malaysia,2015,Developing,75.0,13.1
Malaysia,2014,Developing,74.8,13.0
Malaysia,2013,Developing,74.6,12.9
Malaysia,2012,Developing,74.5,12.9
Malaysia,2011,Developing,74.3,13.0
Malaysia,2010,Developing,74.1,12.8
Malaysia,2009,Developing,74.0,12.6
Malaysia,2008,Developing,73.8,12.5
Malaysia,2007,Developing,73.7,12.3
Malaysia,2006,Developing,73.6,12.7
Malaysia,2005,Developing,73.4,12.9
Malaysia,2004,Developing,73.2,12.7
Malaysia,2003,Developing,73.1,12.1
Malaysia,2002,Developing,72.9,12.0
Malaysia,2001,Developing,72.7,11.9
Malaysia,2000,Developing,72.4,11.6
Maldives,2015,Developing,78.5,12.7
Maldives,2014,Developing,78.2,12.7
Maldives,2013,Developing,77.9,12.4
Maldives,2012,Developing,77.6,12.1
Maldives,2011,Developing,77.3,11.8
Maldives,2010,Developing,76.7,11.6
Maldives,2009,Developing,76.3,11.8
Maldives,2008,Developing,75.9,11.8
Maldives,2007,Developing,75.4,11.9
Maldives,2006,Developing,75.0,12.0
Maldives,2005,Developing,74.3,12.1
Maldives,2004,Developing,73.4,12.2
Maldives,2003,Developing,72.7,11.8
Maldives,2002,Developing,71.8,12.0
Maldives,2001,Developing,78.0,11.8
Maldives,2000,Developing,69.6,11.3
Mali,2015,Developing,58.2,8.4
Mali,2014,Developing,57.8,8.2
Mali,2013,Developing,57.3,8.0
Mali,2012,Developing,57.2,7.7
Mali,2011,Developing,56.8,7.5
Mali,2010,Developing,56.5,7.3
Mali,2009,Developing,56.0,7.1
Mali,2008,Developing,55.5,5.8
Mali,2007,Developing,55.0,6.4
Mali,2006,Developing,54.3,6.1
Mali,2005,Developing,53.6,5.8
Mali,2004,Developing,52.8,5.5
Mali,2003,Developing,52.0,5.2
Mali,2002,Developing,51.2,4.9
Mali,2001,Developing,55.0,4.6
Mali,2000,Developing,49.8,4.4
Malta,2015,Developed,81.7,14.6
Malta,2014,Developed,81.4,14.3
Malta,2013,Developed,81.1,14.2
Malta,2012,Developed,81.0,14.1
Malta,2011,Developed,87.0,14.8
Malta,2010,Developed,83.0,14.6
Malta,2009,Developed,82.0,14.4
Malta,2008,Developed,80.0,14.6
Malta,2007,Developed,79.6,14.4
Malta,2006,Developed,79.3,14.8
Malta,2005,Developed,79.0,14.8
Malta,2004,Developed,78.7,14.2
Malta,2003,Developed,78.5,13.8
Malta,2002,Developed,78.2,13.8
Malta,2001,Developed,77.8,13.7
Malta,2000,Developed,77.5,13.8
Mauritania,2015,Developing,63.1,8.5
Mauritania,2014,Developing,63.0,8.5
Mauritania,2013,Developing,62.7,8.2
Mauritania,2012,Developing,62.5,7.8
Mauritania,2011,Developing,62.2,7.7
Mauritania,2010,Developing,62.0,7.6
Mauritania,2009,Developing,61.7,7.1
Mauritania,2008,Developing,61.4,7.2
Mauritania,2007,Developing,61.2,7.4
Mauritania,2006,Developing,69.0,7.2
Mauritania,2005,Developing,66.0,7.2
Mauritania,2004,Developing,64.0,6.7
Mauritania,2003,Developing,63.0,6.6
Mauritania,2002,Developing,62.0,6.5
Mauritania,2001,Developing,61.0,6.5
Mauritania,2000,Developing,60.0,6.4
Mauritius,2015,Developing,74.6,15.2
Mauritius,2014,Developing,74.2,14.7
Mauritius,2013,Developing,74.1,14.7
Mauritius,2012,Developing,73.9,14.3
Mauritius,2011,Developing,73.6,14.1
Mauritius,2010,Developing,73.3,14.0
Mauritius,2009,Developing,72.8,13.8
Mauritius,2008,Developing,72.7,13.6
Mauritius,2007,Developing,72.9,13.5
Mauritius,2006,Developing,71.8,13.4
Mauritius,2005,Developing,72.1,13.0
Mauritius,2004,Developing,71.9,12.8
Mauritius,2003,Developing,71.5,12.6
Mauritius,2002,Developing,71.5,12.5
Mauritius,2001,Developing,71.5,12.2
Mauritius,2000,Developing,71.0,12.1
Mexico,2015,Developing,76.7,13.3
Mexico,2014,Developing,76.6,13.1
Mexico,2013,Developing,76.6,12.9
Mexico,2012,Developing,76.3,12.7
Mexico,2011,Developing,76.1,12.6
Mexico,2010,Developing,75.6,12.5
Mexico,2009,Developing,75.7,12.5
Mexico,2008,Developing,75.6,12.3
Mexico,2007,Developing,76.0,12.3
Mexico,2006,Developing,75.8,12.2
Mexico,2005,Developing,75.3,12.2
Mexico,2004,Developing,75.4,12.1
Mexico,2003,Developing,75.0,11.9
Mexico,2002,Developing,75.0,11.6
Mexico,2001,Developing,75.0,11.6
Mexico,2000,Developing,74.8,11.4
Micronesia,2015,Developing,69.4,11.7
Micronesia,2014,Developing,69.4,11.7
Micronesia,2013,Developing,69.2,11.7
Micronesia,2012,Developing,69.0,11.7
Micronesia,2011,Developing,68.9,11.7
Micronesia,2010,Developing,68.7,11.5
Micronesia,2009,Developing,68.5,11.4
Micronesia,2008,Developing,68.4,11.2
Micronesia,2007,Developing,68.2,11.0
Micronesia,2006,Developing,68.0,10.9
Micronesia,2005,Developing,67.9,10.7
Micronesia,2004,Developing,67.7,10.5
Micronesia,2003,Developing,67.5,10.4
Micronesia,2002,Developing,66.2,10.2
Micronesia,2001,Developing,67.2,10.1
Micronesia,2000,Developing,67.0,0.0
Mongolia,2015,Developing,68.8,14.8
Mongolia,2014,Developing,68.4,14.8
Mongolia,2013,Developing,68.1,14.7
Mongolia,2012,Developing,67.8,14.7
Mongolia,2011,Developing,67.3,14.6
Mongolia,2010,Developing,66.3,14.3
Mongolia,2009,Developing,66.9,13.8
Mongolia,2008,Developing,67.4,13.4
Mongolia,2007,Developing,65.9,13.0
Mongolia,2006,Developing,65.0,12.7
Mongolia,2005,Developing,64.5,11.8
Mongolia,2004,Developing,64.0,11.2
Mongolia,2003,Developing,64.0,10.5
Mongolia,2002,Developing,63.8,10.1
Mongolia,2001,Developing,63.2,9.4
Mongolia,2000,Developing,62.8,8.9
Montenegro,2015,Developing,76.1,15.1
Montenegro,2014,Developing,75.9,15.1
Montenegro,2013,Developing,75.8,15.1
Montenegro,2012,Developing,75.6,15.1
Montenegro,2011,Developing,75.4,15.1
Montenegro,2010,Developing,75.3,15.0
Montenegro,2009,Developing,75.0,14.6
Montenegro,2008,Developing,74.6,14.2
Montenegro,2007,Developing,74.2,13.6
Montenegro,2006,Developing,73.8,13.2
Montenegro,2005,Developing,73.6,12.8
Montenegro,2004,Developing,73.5,12.6
Montenegro,2003,Developing,73.5,0.0
Montenegro,2002,Developing,73.4,0.0
Montenegro,2001,Developing,73.3,0.0
Montenegro,2000,Developing,73.0,0.0
Morocco,2015,Developing,74.3,12.1
Morocco,2014,Developing,74.1,12.1
Morocco,2013,Developing,73.9,12.1
Morocco,2012,Developing,73.6,11.6
Morocco,2011,Developing,73.3,11.2
Morocco,2010,Developing,72.8,10.7
Morocco,2009,Developing,72.3,10.5
Morocco,2008,Developing,71.8,10.3
Morocco,2007,Developing,71.4,10.0
Morocco,2006,Developing,71.0,10.0
Morocco,2005,Developing,77.0,9.8
Morocco,2004,Developing,72.0,9.6
Morocco,2003,Developing,69.9,9.3
Morocco,2002,Developing,69.5,8.8
Morocco,2001,Developing,69.0,8.5
Morocco,2000,Developing,68.6,8.0
Mozambique,2015,Developing,57.6,9.1
Mozambique,2014,Developing,56.7,9.1
Mozambique,2013,Developing,55.3,9.1
Mozambique,2012,Developing,54.8,9.2
Mozambique,2011,Developing,54.3,9.5
Mozambique,2010,Developing,54.0,9.3
Mozambique,2009,Developing,53.8,9.2
Mozambique,2008,Developing,53.2,8.8
Mozambique,2007,Developing,52.1,8.2
Mozambique,2006,Developing,51.2,7.9
Mozambique,2005,Developing,58.0,7.3
Mozambique,2004,Developing,54.0,7.0
Mozambique,2003,Developing,51.0,6.7
Mozambique,2002,Developing,49.8,6.2
Mozambique,2001,Developing,49.5,5.8
Mozambique,2000,Developing,49.0,5.4
Myanmar,2015,Developing,66.6,9.1
Myanmar,2014,Developing,66.4,9.1
Myanmar,2013,Developing,66.2,9.1
Myanmar,2012,Developing,65.9,9.1
Myanmar,2011,Developing,65.6,9.1
Myanmar,2010,Developing,65.4,8.8
Myanmar,2009,Developing,65.2,8.5
Myanmar,2008,Developing,59.2,8.2
Myanmar,2007,Developing,64.5,8.1
Myanmar,2006,Developing,64.2,8.0
Myanmar,2005,Developing,63.9,7.9
Myanmar,2004,Developing,63.5,7.8
Myanmar,2003,Developing,63.2,7.7
Myanmar,2002,Developing,62.8,7.6
Myanmar,2001,Developing,62.5,7.6
Myanmar,2000,Developing,62.1,7.5
Namibia,2015,Developing,65.8,11.7
Namibia,2014,Developing,65.9,11.7
Namibia,2013,Developing,66.1,11.6
Namibia,2012,Developing,65.8,11.5
Namibia,2011,Developing,64.3,11.5
Namibia,2010,Developing,63.0,11.4
Namibia,2009,Developing,62.4,11.4
Namibia,2008,Developing,61.7,11.3
Namibia,2007,Developing,60.0,11.3
Namibia,2006,Developing,57.0,11.4
Namibia,2005,Developing,55.1,11.6
Namibia,2004,Developing,54.7,11.7
Namibia,2003,Developing,55.0,11.7
Namibia,2002,Developing,55.7,11.8
Namibia,2001,Developing,56.5,11.7
Namibia,2000,Developing,57.4,11.5
Nepal,2015,Developing,69.2,12.2
Nepal,2014,Developing,69.6,12.4
Nepal,2013,Developing,69.3,12.3
Nepal,2012,Developing,68.9,12.3
Nepal,2011,Developing,68.4,12.0
Nepal,2010,Developing,68.0,11.1
Nepal,2009,Developing,67.5,10.5
Nepal,2008,Developing,67.0,10.1
Nepal,2007,Developing,66.6,10.0
Nepal,2006,Developing,66.0,9.6
Nepal,2005,Developing,65.4,9.4
Nepal,2004,Developing,64.7,9.3
Nepal,2003,Developing,64.3,9.2
Nepal,2002,Developing,63.1,8.6
Nepal,2001,Developing,63.2,9.0
Nepal,2000,Developing,62.5,8.9
Netherlands,2015,Developed,81.9,18.1
Netherlands,2014,Developed,81.7,18.1
Netherlands,2013,Developed,81.4,18.1
Netherlands,2012,Developed,81.1,18.1
Netherlands,2011,Developed,81.1,17.2
Netherlands,2010,Developed,88.0,17.0
Netherlands,2009,Developed,86.0,16.9
Netherlands,2008,Developed,83.0,16.8
Netherlands,2007,Developed,82.0,16.6
Netherlands,2006,Developed,79.8,16.5
Netherlands,2005,Developed,79.4,16.4
Netherlands,2004,Developed,79.2,16.5
Netherlands,2003,Developed,78.7,16.5
Netherlands,2002,Developed,78.4,16.9
Netherlands,2001,Developed,78.3,16.7
Netherlands,2000,Developed,78.1,16.5
New Zealand,2015,Developed,81.6,19.2
New Zealand,2014,Developed,81.5,19.2
New Zealand,2013,Developed,81.3,19.3
New Zealand,2012,Developed,81.1,19.5
New Zealand,2011,Developed,86.0,19.7
New Zealand,2010,Developed,89.0,20.3
New Zealand,2009,Developed,85.0,19.3
New Zealand,2008,Developed,81.0,19.5
New Zealand,2007,Developed,81.0,19.2
New Zealand,2006,Developed,79.9,19.1
New Zealand,2005,Developed,79.9,18.9
New Zealand,2004,Developed,79.2,18.4
New Zealand,2003,Developed,79.1,18.2
New Zealand,2002,Developed,78.7,17.5
New Zealand,2001,Developed,78.5,17.4
New Zealand,2000,Developed,78.6,17.2
Nicaragua,2015,Developing,74.8,11.7
Nicaragua,2014,Developing,74.5,11.6
Nicaragua,2013,Developing,73.9,11.5
Nicaragua,2012,Developing,73.9,11.5
Nicaragua,2011,Developing,74.5,11.5
Nicaragua,2010,Developing,73.2,11.4
Nicaragua,2009,Developing,73.2,11.3
Nicaragua,2008,Developing,72.5,11.1
Nicaragua,2007,Developing,72.5,11.0
Nicaragua,2006,Developing,73.0,11.0
Nicaragua,2005,Developing,71.2,11.0
Nicaragua,2004,Developing,71.0,11.0
Nicaragua,2003,Developing,76.0,11.0
Nicaragua,2002,Developing,75.0,10.7
Nicaragua,2001,Developing,73.0,10.4
Nicaragua,2000,Developing,73.0,10.1
Niger,2015,Developing,61.8,5.4
Niger,2014,Developing,61.4,5.3
Niger,2013,Developing,69.0,5.3
Niger,2012,Developing,63.0,5.1
Niger,2011,Developing,59.4,4.8
Niger,2010,Developing,58.2,4.5
Niger,2009,Developing,57.1,4.2
Niger,2008,Developing,56.0,4.0
Niger,2007,Developing,55.2,3.8
Niger,2006,Developing,54.5,3.7
Niger,2005,Developing,53.7,3.5
Niger,2004,Developing,52.9,3.1
Niger,2003,Developing,52.1,3.0
Niger,2002,Developing,51.4,2.9
Niger,2001,Developing,56.0,2.9
Niger,2000,Developing,50.0,2.8
Nigeria,2015,Developing,54.5,10.0
Nigeria,2014,Developing,53.6,10.0
Nigeria,2013,Developing,53.2,9.8
Nigeria,2012,Developing,52.7,9.7
Nigeria,2011,Developing,52.3,9.6
Nigeria,2010,Developing,52.0,9.5
Nigeria,2009,Developing,51.6,9.3
Nigeria,2008,Developing,59.0,9.2
Nigeria,2007,Developing,55.0,9.1
Nigeria,2006,Developing,49.8,9.0
Nigeria,2005,Developing,49.2,8.9
Nigeria,2004,Developing,48.5,8.5
Nigeria,2003,Developing,48.1,8.1
Nigeria,2002,Developing,47.7,7.7
Nigeria,2001,Developing,47.4,8.0
Nigeria,2000,Developing,47.1,7.6
Norway,2015,Developed,81.8,17.7
Norway,2014,Developed,81.6,17.7
Norway,2013,Developed,81.5,17.5
Norway,2012,Developed,81.3,17.6
Norway,2011,Developed,81.1,17.6
Norway,2010,Developed,81.0,17.4
Norway,2009,Developed,89.0,17.4
Norway,2008,Developed,86.0,17.6
Norway,2007,Developed,85.0,17.6
Norway,2006,Developed,84.0,17.5
Norway,2005,Developed,81.0,17.6
Norway,2004,Developed,79.8,17.5
Norway,2003,Developed,79.4,17.1
Norway,2002,Developed,78.9,17.1
Norway,2001,Developed,78.8,17.5
Norway,2000,Developed,78.5,17.1
Oman,2015,Developing,76.6,13.7
Oman,2014,Developing,76.4,13.7
Oman,2013,Developing,76.2,13.7
Oman,2012,Developing,76.0,13.7
Oman,2011,Developing,75.8,13.6
Oman,2010,Developing,75.6,13.5
Oman,2009,Developing,75.4,12.4
Oman,2008,Developing,75.2,11.9
Oman,2007,Developing,74.9,11.5
Oman,2006,Developing,74.7,11.6
Oman,2005,Developing,74.3,11.5
Oman,2004,Developing,74.0,11.5
Oman,2003,Developing,73.6,11.2
Oman,2002,Developing,73.3,11.0
Oman,2001,Developing,72.9,10.7
Oman,2000,Developing,72.6,10.4
Pakistan,2015,Developing,66.4,8.1
Pakistan,2014,Developing,66.2,7.8
Pakistan,2013,Developing,66.0,7.7
Pakistan,2012,Developing,65.7,7.6
Pakistan,2011,Developing,65.5,7.5
Pakistan,2010,Developing,65.1,7.5
Pakistan,2009,Developing,64.8,7.3
Pakistan,2008,Developing,64.6,7.3
Pakistan,2007,Developing,64.4,6.7
Pakistan,2006,Developing,64.2,6.5
Pakistan,2005,Developing,62.9,6.1
Pakistan,2004,Developing,63.7,5.6
Pakistan,2003,Developing,63.5,5.6
Pakistan,2002,Developing,63.2,5.5
Pakistan,2001,Developing,63.0,5.4
Pakistan,2000,Developing,62.8,5.3
Panama,2015,Developing,77.8,13.0
Panama,2014,Developing,77.6,13.0
Panama,2013,Developing,77.5,12.9
Panama,2012,Developing,77.2,12.8
Panama,2011,Developing,77.3,12.9
Panama,2010,Developing,76.5,12.8
Panama,2009,Developing,76.8,12.8
Panama,2008,Developing,76.5,12.8
Panama,2007,Developing,76.4,12.9
Panama,2006,Developing,76.2,12.9
Panama,2005,Developing,75.8,12.9
Panama,2004,Developing,75.8,12.8
Panama,2003,Developing,75.5,12.8
Panama,2002,Developing,75.7,12.6
Panama,2001,Developing,75.5,12.4
Panama,2000,Developing,75.7,12.1
Papua New Guinea,2015,Developing,62.9,10.0
Papua New Guinea,2014,Developing,62.7,10.0
Papua New Guinea,2013,Developing,62.4,10.0
Papua New Guinea,2012,Developing,62.2,9.9
Papua New Guinea,2011,Developing,62.0,9.9
Papua New Guinea,2010,Developing,61.8,9.6
Papua New Guinea,2009,Developing,61.6,9.2
Papua New Guinea,2008,Developing,61.4,8.9
Papua New Guinea,2007,Developing,61.1,8.6
Papua New Guinea,2006,Developing,68.0,8.2
Papua New Guinea,2005,Developing,64.0,7.9
Papua New Guinea,2004,Developing,59.9,7.6
Papua New Guinea,2003,Developing,59.6,7.2
Papua New Guinea,2002,Developing,59.3,6.9
Papua New Guinea,2001,Developing,59.1,6.6
Papua New Guinea,2000,Developing,58.9,6.2
Paraguay,2015,Developing,74.0,12.3
Paraguay,2014,Developing,73.9,12.3
Paraguay,2013,Developing,73.8,12.3
Paraguay,2012,Developing,73.6,12.3
Paraguay,2011,Developing,73.4,12.3
Paraguay,2010,Developing,73.2,12.4
Paraguay,2009,Developing,73.0,12.1
Paraguay,2008,Developing,72.7,11.9
Paraguay,2007,Developing,72.5,12.0
Paraguay,2006,Developing,72.3,12.1
Paraguay,2005,Developing,72.1,12.3
Paraguay,2004,Developing,71.9,12.1
Paraguay,2003,Developing,71.7,12.7
Paraguay,2002,Developing,71.5,12.2
Paraguay,2001,Developing,71.2,11.8
Paraguay,2000,Developing,79.0,11.6
Peru,2015,Developing,75.5,13.4
Peru,2014,Developing,75.3,13.4
Peru,2013,Developing,75.3,13.4
Peru,2012,Developing,74.9,13.4
Peru,2011,Developing,74.5,13.4
Peru,2010,Developing,73.7,13.3
Peru,2009,Developing,73.8,13.3
Peru,2008,Developing,73.9,13.2
Peru,2007,Developing,74.0,13.2
Peru,2006,Developing,74.2,13.0
Peru,2005,Developing,72.8,13.0
Peru,2004,Developing,72.2,12.8
Peru,2003,Developing,72.1,13.3
Peru,2002,Developing,72.6,13.9
Peru,2001,Developing,72.4,13.4
Peru,2000,Developing,71.4,13.5
Philippines,2015,Developing,68.5,11.7
Philippines,2014,Developing,68.4,11.7
Philippines,2013,Developing,68.1,11.7
Philippines,2012,Developing,68.1,11.6
Philippines,2011,Developing,68.0,11.5
Philippines,2010,Developing,67.9,11.4
Philippines,2009,Developing,68.0,11.7
Philippines,2008,Developing,67.5,11.5
Philippines,2007,Developing,67.5,11.4
Philippines,2006,Developing,67.3,11.5
Philippines,2005,Developing,67.0,11.6
Philippines,2004,Developing,67.3,11.6
Philippines,2003,Developing,67.2,11.6
Philippines,2002,Developing,66.8,11.4
Philippines,2001,Developing,66.8,11.4
Philippines,2000,Developing,66.8,11.4
Poland,2015,Developed,77.5,16.4
Poland,2014,Developed,77.3,16.4
Poland,2013,Developed,77.1,15.4
Poland,2012,Developed,76.8,15.3
Poland,2011,Developed,76.7,15.4
Poland,2010,Developed,76.3,15.1
Poland,2009,Developed,75.7,15.1
Poland,2008,Developed,75.5,15.0
Poland,2007,Developed,75.3,15.0
Poland,2006,Developed,75.2,15.0
Poland,2005,Developed,75.0,14.8
Poland,2004,Developed,74.9,15.5
Poland,2003,Developed,74.7,15.3
Poland,2002,Developed,74.5,15.0
Poland,2001,Developed,74.2,14.7
Poland,2000,Developed,73.7,14.6
Portugal,2015,Developed,81.1,16.6
Portugal,2014,Developed,89.0,16.8
Portugal,2013,Developed,86.0,16.3
Portugal,2012,Developed,83.0,16.3
Portugal,2011,Developed,82.0,16.2
Portugal,2010,Developed,79.6,16.0
Portugal,2009,Developed,79.3,16.0
Portugal,2008,Developed,79.0,15.8
Portugal,2007,Developed,78.7,15.4
Portugal,2006,Developed,78.5,15.4
Portugal,2005,Developed,77.7,15.4
Portugal,2004,Developed,78.0,15.9
Portugal,2003,Developed,77.3,15.8
Portugal,2002,Developed,77.2,15.9
Portugal,2001,Developed,76.9,15.7
Portugal,2000,Developed,76.6,15.5
Qatar,2015,Developing,78.2,13.4
Qatar,2014,Developing,78.1,13.4
Qatar,2013,Developing,77.9,13.4
Qatar,2012,Developing,77.8,13.4
Qatar,2011,Developing,77.5,12.4
Qatar,2010,Developing,77.3,12.0
Qatar,2009,Developing,77.0,11.8
Qatar,2008,Developing,76.8,11.7
Qatar,2007,Developing,76.7,12.6
Qatar,2006,Developing,76.6,13.7
Qatar,2005,Developing,76.6,13.7
Qatar,2004,Developing,76.6,13.5
Qatar,2003,Developing,76.5,12.8
Qatar,2002,Developing,76.4,12.2
Qatar,2001,Developing,76.3,12.6
Qatar,2000,Developing,76.2,13.0
Romania,2015,Developed,75.0,14.7
Romania,2014,Developed,74.8,14.7
Romania,2013,Developed,74.6,14.7
Romania,2012,Developed,74.4,15.3
Romania,2011,Developed,74.3,15.7
Romania,2010,Developed,73.4,15.8
Romania,2009,Developed,73.1,15.4
Romania,2008,Developed,73.1,14.7
Romania,2007,Developed,72.9,14.1
Romania,2006,Developed,72.5,13.7
Romania,2005,Developed,71.9,13.4
Romania,2004,Developed,71.7,12.9
Romania,2003,Developed,71.1,12.5
Romania,2002,Developed,77.0,12.0
Romania,2001,Developed,78.0,11.7
Romania,2000,Developed,77.0,11.5
Russia,2015,Developing,75.0,15.0
Russia,2014,Developing,73.0,14.9
Russia,2013,Developing,70.0,14.6
Russia,2012,Developing,69.6,14.3
Russia,2011,Developing,69.4,14.0
Russia,2010,Developing,68.4,13.7
Russia,2009,Developing,68.2,14.0
Russia,2008,Developing,67.5,13.9
Russia,2007,Developing,67.3,13.8
Russia,2006,Developing,66.4,13.8
Russia,2005,Developing,65.0,13.7
Russia,2004,Developing,64.9,13.6
Russia,2003,Developing,64.6,13.2
Russia,2002,Developing,64.8,12.8
Russia,2001,Developing,65.1,12.5
Russia,2000,Developing,65.0,12.1
Rwanda,2015,Developing,66.1,10.8
Rwanda,2014,Developing,65.7,10.8
Rwanda,2013,Developing,65.2,10.8
Rwanda,2012,Developing,64.6,10.5
Rwanda,2011,Developing,63.8,10.2
Rwanda,2010,Developing,62.8,10.0
Rwanda,2009,Developing,61.0,10.2
Rwanda,2008,Developing,68.0,10.4
Rwanda,2007,Developing,59.6,10.1
Rwanda,2006,Developing,57.6,9.3
Rwanda,2005,Developing,55.3,8.8
Rwanda,2004,Developing,53.4,8.2
Rwanda,2003,Developing,52.0,7.6
Rwanda,2002,Developing,57.0,7.2
Rwanda,2001,Developing,48.6,7.1
Rwanda,2000,Developing,48.3,6.6
Saint Lucia,2015,Developing,75.2,13.1
Saint Lucia,2014,Developing,75.0,13.1
Saint Lucia,2013,Developing,74.8,13.1
Saint Lucia,2012,Developing,74.7,13.0
Saint Lucia,2011,Developing,74.6,12.9
Saint Lucia,2010,Developing,74.2,12.8
Saint Lucia,2009,Developing,74.3,12.7
Saint Lucia,2008,Developing,74.1,12.6
Saint Lucia,2007,Developing,73.9,12.8
Saint Lucia,2006,Developing,73.5,12.4
Saint Lucia,2005,Developing,73.1,12.2
Saint Lucia,2004,Developing,72.6,12.3
Saint Lucia,2003,Developing,72.2,12.4
Saint Lucia,2002,Developing,72.0,12.5
Saint Lucia,2001,Developing,71.8,12.6
Saint Lucia,2000,Developing,71.6,12.8
Saint Vincent and the Grenadines,2015,Developing,73.2,13.3
Saint Vincent and the Grenadines,2014,Developing,73.1,13.3
Saint Vincent and the Grenadines,2013,Developing,72.7,13.3
Saint Vincent and the Grenadines,2012,Developing,72.8,13.3
Saint Vincent and the Grenadines,2011,Developing,72.7,13.3
Saint Vincent and the Grenadines,2010,Developing,72.5,13.3
Saint Vincent and the Grenadines,2009,Developing,72.3,13.3
Saint Vincent and the Grenadines,2008,Developing,72.1,13.3
Saint Vincent and the Grenadines,2007,Developing,71.9,13.3
Saint Vincent and the Grenadines,2006,Developing,71.7,13.3
Saint Vincent and the Grenadines,2005,Developing,71.4,13.3
Saint Vincent and the Grenadines,2004,Developing,71.2,13.2
Saint Vincent and the Grenadines,2003,Developing,71.0,13.0
Saint Vincent and the Grenadines,2002,Developing,79.0,12.9
Saint Vincent and the Grenadines,2001,Developing,79.0,12.8
Saint Vincent and the Grenadines,2000,Developing,79.0,12.7
Samoa,2015,Developing,74.0,12.9
Samoa,2014,Developing,73.8,12.9
Samoa,2013,Developing,73.6,12.9
Samoa,2012,Developing,73.2,12.9
Samoa,2011,Developing,73.0,12.9
Samoa,2010,Developing,72.6,12.9
Samoa,2009,Developing,76.0,12.9
Samoa,2008,Developing,72.5,12.9
Samoa,2007,Developing,72.2,12.9
Samoa,2006,Developing,72.0,12.7
Samoa,2005,Developing,71.6,12.6
Samoa,2004,Developing,71.4,12.4
Samoa,2003,Developing,79.0,12.3
Samoa,2002,Developing,76.0,12.1
Samoa,2001,Developing,75.0,12.0
Samoa,2000,Developing,72.0,12.1
Sao Tome and Principe,2015,Developing,67.5,11.2
Sao Tome and Principe,2014,Developing,67.3,11.1
Sao Tome and Principe,2013,Developing,67.1,11.0
Sao Tome and Principe,2012,Developing,66.9,10.8
Sao Tome and Principe,2011,Developing,66.6,10.6
Sao Tome and Principe,2010,Developing,66.2,10.6
Sao Tome and Principe,2009,Developing,65.8,10.1
Sao Tome and Principe,2008,Developing,65.4,10.4
Sao Tome and Principe,2007,Developing,65.1,10.3
Sao Tome and Principe,2006,Developing,64.7,10.2
Sao Tome and Principe,2005,Developing,64.3,10.0
Sao Tome and Principe,2004,Developing,63.8,9.8
Sao Tome and Principe,2003,Developing,63.4,9.7
Sao Tome and Principe,2002,Developing,63.1,9.6
Sao Tome and Principe,2001,Developing,62.8,9.4
Sao Tome and Principe,2000,Developing,62.6,9.3
Saudi Arabia,2015,Developing,74.5,16.1
Saudi Arabia,2014,Developing,74.4,15.8
Saudi Arabia,2013,Developing,74.3,15.2
Saudi Arabia,2012,Developing,74.1,14.5
Saudi Arabia,2011,Developing,73.9,13.9
Saudi Arabia,2010,Developing,73.7,13.3
Saudi Arabia,2009,Developing,73.4,13.0
Saudi Arabia,2008,Developing,73.3,12.8
Saudi Arabia,2007,Developing,73.2,12.7
Saudi Arabia,2006,Developing,73.2,12.5
Saudi Arabia,2005,Developing,73.1,12.4
Saudi Arabia,2004,Developing,73.1,12.3
Saudi Arabia,2003,Developing,73.0,12.2
Saudi Arabia,2002,Developing,72.9,12.1
Saudi Arabia,2001,Developing,72.8,12.0
Saudi Arabia,2000,Developing,72.6,11.8
Senegal,2015,Developing,66.7,9.5
Senegal,2014,Developing,66.4,9.1
Senegal,2013,Developing,66.0,8.7
Senegal,2012,Developing,65.6,8.3
Senegal,2011,Developing,64.9,7.9
Senegal,2010,Developing,64.3,7.7
Senegal,2009,Developing,63.5,7.5
Senegal,2008,Developing,62.8,7.1
Senegal,2007,Developing,62.1,6.8
Senegal,2006,Developing,61.3,6.6
Senegal,2005,Developing,65.0,6.4
Senegal,2004,Developing,59.7,6.2
Senegal,2003,Developing,59.0,5.9
Senegal,2002,Developing,58.4,5.7
Senegal,2001,Developing,57.9,5.4
Senegal,2000,Developing,57.5,5.2
Serbia,2015,Developing,75.6,14.4
Serbia,2014,Developing,75.4,14.3
Serbia,2013,Developing,75.3,14.1
Serbia,2012,Developing,74.9,14.0
Serbia,2011,Developing,74.6,13.5
Serbia,2010,Developing,74.4,13.6
Serbia,2009,Developing,74.1,13.6
Serbia,2008,Developing,74.0,13.5
Serbia,2007,Developing,73.8,13.5
Serbia,2006,Developing,73.6,13.4
Serbia,2005,Developing,73.0,13.2
Serbia,2004,Developing,73.0,13.1
Serbia,2003,Developing,73.0,13.0
Serbia,2002,Developing,72.9,13.2
Serbia,2001,Developing,73.1,13.1
Serbia,2000,Developing,72.6,13.0
Seychelles,2015,Developing,73.2,14.1
Seychelles,2014,Developing,73.0,13.2
Seychelles,2013,Developing,72.9,13.5
Seychelles,2012,Developing,72.7,13.5
Seychelles,2011,Developing,72.6,13.3
Seychelles,2010,Developing,72.4,13.2
Seychelles,2009,Developing,72.3,13.2
Seychelles,2008,Developing,72.2,13.2
Seychelles,2007,Developing,72.2,13.1
Seychelles,2006,Developing,72.2,13.1
Seychelles,2005,Developing,72.2,12.1
Seychelles,2004,Developing,72.1,12.3
Seychelles,2003,Developing,72.1,12.1
Seychelles,2002,Developing,72.1,12.1
Seychelles,2001,Developing,72.0,12.2
Seychelles,2000,Developing,71.8,12.3
Sierra Leone,2015,Developing,51.0,9.5
Sierra Leone,2014,Developing,48.1,9.5
Sierra Leone,2013,Developing,54.0,9.3
Sierra Leone,2012,Developing,49.7,9.1
Sierra Leone,2011,Developing,48.9,8.9
Sierra Leone,2010,Developing,48.1,8.7
Sierra Leone,2009,Developing,47.1,8.5
Sierra Leone,2008,Developing,46.2,8.3
Sierra Leone,2007,Developing,45.3,8.2
Sierra Leone,2006,Developing,44.3,8.0
Sierra Leone,2005,Developing,43.3,7.8
Sierra Leone,2004,Developing,42.3,7.6
Sierra Leone,2003,Developing,41.5,7.4
Sierra Leone,2002,Developing,48.0,7.2
Sierra Leone,2001,Developing,41.0,7.0
Sierra Leone,2000,Developing,39.0,6.7
Singapore,2015,Developed,83.1,15.4
Singapore,2014,Developed,82.9,15.4
Singapore,2013,Developed,82.7,15.4
Singapore,2012,Developed,82.5,15.4
Singapore,2011,Developed,82.2,15.2
Singapore,2010,Developed,82.0,14.5
Singapore,2009,Developed,81.7,14.4
Singapore,2008,Developed,81.4,14.2
Singapore,2007,Developed,81.1,14.1
Singapore,2006,Developed,87.0,13.9
Singapore,2005,Developed,82.0,12.6
Singapore,2004,Developed,79.7,12.7
Singapore,2003,Developed,79.3,12.7
Singapore,2002,Developed,79.0,12.6
Singapore,2001,Developed,78.7,12.7
Singapore,2000,Developed,78.3,12.5
Slovakia,2015,Developed,76.7,15.0
Slovakia,2014,Developed,76.4,15.1
Slovakia,2013,Developed,76.1,15.0
Slovakia,2012,Developed,75.8,15.0
Slovakia,2011,Developed,75.6,15.0
Slovakia,2010,Developed,75.1,15.0
Slovakia,2009,Developed,75.0,14.9
Slovakia,2008,Developed,74.7,14.8
Slovakia,2007,Developed,74.4,14.5
Slovakia,2006,Developed,74.3,14.3
Slovakia,2005,Developed,74.0,14.0
Slovakia,2004,Developed,74.1,13.8
Slovakia,2003,Developed,73.8,13.6
Slovakia,2002,Developed,73.7,13.3
Slovakia,2001,Developed,73.3,13.3
Slovakia,2000,Developed,73.0,13.0
Slovenia,2015,Developed,88.0,17.3
Slovenia,2014,Developed,87.0,17.6
Slovenia,2013,Developed,85.0,16.8
Slovenia,2012,Developed,82.0,16.8
Slovenia,2011,Developed,79.8,17.0
Slovenia,2010,Developed,79.5,16.9
Slovenia,2009,Developed,79.1,16.9
Slovenia,2008,Developed,78.9,16.9
Slovenia,2007,Developed,78.3,16.8
Slovenia,2006,Developed,78.1,16.7
Slovenia,2005,Developed,77.5,16.3
Slovenia,2004,Developed,77.2,16.6
Slovenia,2003,Developed,76.5,16.1
Slovenia,2002,Developed,76.6,15.6
Slovenia,2001,Developed,76.2,14.7
Slovenia,2000,Developed,76.0,14.6
Solomon Islands,2015,Developing,69.2,9.6
Solomon Islands,2014,Developing,68.8,9.6
Solomon Islands,2013,Developing,68.8,9.5
Solomon Islands,2012,Developing,68.7,9.4
Solomon Islands,2011,Developing,68.5,9.4
Solomon Islands,2010,Developing,68.3,9.3
Solomon Islands,2009,Developing,68.1,9.3
Solomon Islands,2008,Developing,68.0,9.2
Solomon Islands,2007,Developing,67.6,9.0
Solomon Islands,2006,Developing,67.6,8.4
Solomon Islands,2005,Developing,67.4,8.3
Solomon Islands,2004,Developing,67.1,8.1
Solomon Islands,2003,Developing,66.8,8.0
Solomon Islands,2002,Developing,66.5,7.3
Solomon Islands,2001,Developing,66.2,6.6
Solomon Islands,2000,Developing,65.8,7.2
South Africa,2015,Developing,62.9,13.0
South Africa,2014,Developing,62.0,13.0
South Africa,2013,Developing,69.0,12.8
South Africa,2012,Developing,59.2,12.8
South Africa,2011,Developing,58.9,12.8
South Africa,2010,Developing,58.0,12.8
South Africa,2009,Developing,56.5,12.8
South Africa,2008,Developing,55.3,12.9
South Africa,2007,Developing,54.5,12.9
South Africa,2006,Developing,54.0,12.9
South Africa,2005,Developing,53.8,12.9
South Africa,2004,Developing,53.7,12.9
South Africa,2003,Developing,54.0,12.9
South Africa,2002,Developing,54.9,12.9
South Africa,2001,Developing,56.0,13.0
South Africa,2000,Developing,57.3,13.0
Spain,2015,Developed,82.8,17.7
Spain,2014,Developed,82.6,17.6
Spain,2013,Developed,82.4,17.5
Spain,2012,Developed,82.0,17.2
Spain,2011,Developed,82.1,16.9
Spain,2010,Developed,81.9,16.4
Spain,2009,Developed,81.6,16.3
Spain,2008,Developed,81.3,16.1
Spain,2007,Developed,89.0,16.0
Spain,2006,Developed,88.0,15.9
Spain,2005,Developed,81.0,15.8
Spain,2004,Developed,81.0,15.6
Spain,2003,Developed,79.4,15.6
Spain,2002,Developed,79.5,15.7
Spain,2001,Developed,79.4,15.7
Spain,2000,Developed,79.1,15.7
Sri Lanka,2015,Developing,74.9,14.0
Sri Lanka,2014,Developing,74.7,14.0
Sri Lanka,2013,Developing,74.6,13.8
Sri Lanka,2012,Developing,74.5,13.7
Sri Lanka,2011,Developing,74.5,13.6
Sri Lanka,2010,Developing,74.5,13.5
Sri Lanka,2009,Developing,71.8,13.4
Sri Lanka,2008,Developing,72.3,13.3
Sri Lanka,2007,Developing,73.7,13.2
Sri Lanka,2006,Developing,73.8,13.1
Sri Lanka,2005,Developing,74.2,12.9
Sri Lanka,2004,Developing,69.1,12.8
Sri Lanka,2003,Developing,73.9,12.7
Sri Lanka,2002,Developing,73.7,12.6
Sri Lanka,2001,Developing,72.7,12.5
Sri Lanka,2000,Developing,71.5,12.4
Sudan,2015,Developing,64.1,7.2
Sudan,2014,Developing,63.8,7.2
Sudan,2013,Developing,63.5,7.0
Sudan,2012,Developing,63.2,6.8
Sudan,2011,Developing,62.7,7.0
Sudan,2010,Developing,62.5,7.0
Sudan,2009,Developing,62.0,6.8
Sudan,2008,Developing,61.8,6.3
Sudan,2007,Developing,61.4,6.4
Sudan,2006,Developing,61.0,6.2
Sudan,2005,Developing,67.0,6.1
Sudan,2004,Developing,59.7,5.7
Sudan,2003,Developing,59.6,5.6
Sudan,2002,Developing,59.4,5.6
Sudan,2001,Developing,58.9,5.6
Sudan,2000,Developing,58.6,5.5
Suriname,2015,Developing,71.6,12.7
Suriname,2014,Developing,71.4,12.7
Suriname,2013,Developing,71.2,12.7
Suriname,2012,Developing,71.3,12.7
Suriname,2011,Developing,76.0,12.5
Suriname,2010,Developing,73.0,12.3
Suriname,2009,Developing,70.0,12.1
Suriname,2008,Developing,69.8,11.9
Suriname,2007,Developing,69.5,11.7
Suriname,2006,Developing,69.3,11.5
Suriname,2005,Developing,68.9,11.3
Suriname,2004,Developing,68.3,11.1
Suriname,2003,Developing,68.0,10.9
Suriname,2002,Developing,67.9,11.0
Suriname,2001,Developing,67.7,11.0
Suriname,2000,Developing,67.4,11.1
Swaziland,2015,Developing,58.9,11.4
Swaziland,2014,Developing,58.4,11.4
Swaziland,2013,Developing,57.6,11.4
Swaziland,2012,Developing,56.5,11.3
Swaziland,2011,Developing,55.0,11.2
Swaziland,2010,Developing,53.6,11.0
Swaziland,2009,Developing,52.6,10.8
Swaziland,2008,Developing,51.4,10.6
Swaziland,2007,Developing,50.0,10.5
Swaziland,2006,Developing,47.8,9.9
Swaziland,2005,Developing,46.0,9.7
Swaziland,2004,Developing,45.6,9.4
Swaziland,2003,Developing,45.9,9.1
Swaziland,2002,Developing,46.4,9.2
Swaziland,2001,Developing,47.1,9.3
Swaziland,2000,Developing,48.4,9.4
Sweden,2015,Developed,82.4,15.9
Sweden,2014,Developed,82.3,15.8
Sweden,2013,Developed,81.9,15.8
Sweden,2012,Developed,81.7,15.8
Sweden,2011,Developed,81.7,16.0
Sweden,2010,Developed,81.5,15.8
Sweden,2009,Developed,81.4,15.8
Sweden,2008,Developed,81.1,15.7
Sweden,2007,Developed,89.0,15.8
Sweden,2006,Developed,88.0,15.9
Sweden,2005,Developed,85.0,16.0
Sweden,2004,Developed,83.0,16.0
Sweden,2003,Developed,82.0,15.9
Sweden,2002,Developed,79.9,15.9
Sweden,2001,Developed,79.8,15.9
Sweden,2000,Developed,79.6,15.9
Switzerland,2015,Developed,83.4,16.0
Switzerland,2014,Developed,83.2,15.9
Switzerland,2013,Developed,83.0,15.8
Switzerland,2012,Developed,82.7,15.7
Switzerland,2011,Developed,82.6,15.6
Switzerland,2010,Developed,82.3,15.4
Switzerland,2009,Developed,82.1,15.3
Switzerland,2008,Developed,82.0,15.3
Switzerland,2007,Developed,81.7,15.3
Switzerland,2006,Developed,81.5,15.2
Switzerland,2005,Developed,81.1,15.2
Switzerland,2004,Developed,81.0,15.1
Switzerland,2003,Developed,85.0,15.0
Switzerland,2002,Developed,84.0,15.2
Switzerland,2001,Developed,82.0,15.2
Switzerland,2000,Developed,79.7,15.1
Syria,2015,Developing,64.5,9.0
Syria,2014,Developing,64.4,9.0
Syria,2013,Developing,63.6,13.0
Syria,2012,Developing,62.8,12.5
Syria,2011,Developing,71.7,12.0
Syria,2010,Developing,73.7,11.7
Syria,2009,Developing,73.8,11.8
Syria,2008,Developing,73.8,11.6
Syria,2007,Developing,73.8,11.5
Syria,2006,Developing,73.7,11.4
Syria,2005,Developing,73.5,11.0
Syria,2004,Developing,73.2,10.6
Syria,2003,Developing,73.0,10.3
Syria,2002,Developing,72.8,10.2
Syria,2001,Developing,72.7,10.1
Syria,2000,Developing,72.6,10.0
Tajikistan,2015,Developing,69.7,11.3
Tajikistan,2014,Developing,69.6,11.3
Tajikistan,2013,Developing,69.3,11.2
Tajikistan,2012,Developing,68.8,11.1
Tajikistan,2011,Developing,68.1,11.1
Tajikistan,2010,Developing,67.3,11.1
Tajikistan,2009,Developing,66.7,11.1
Tajikistan,2008,Developing,66.4,10.8
Tajikistan,2007,Developing,66.1,10.9
Tajikistan,2006,Developing,65.9,10.7
Tajikistan,2005,Developing,65.5,10.6
Tajikistan,2004,Developing,65.9,10.5
Tajikistan,2003,Developing,65.2,10.1
Tajikistan,2002,Developing,64.3,9.8
Tajikistan,2001,Developing,64.0,9.7
Tajikistan,2000,Developing,63.7,9.6
Thailand,2015,Developing,74.9,13.6
Thailand,2014,Developing,74.6,13.6
Thailand,2013,Developing,74.5,13.6
Thailand,2012,Developing,74.3,13.7
Thailand,2011,Developing,74.1,13.3
Thailand,2010,Developing,73.9,13.1
Thailand,2009,Developing,73.7,13.0
Thailand,2008,Developing,73.5,12.9
Thailand,2007,Developing,73.3,12.3
Thailand,2006,Developing,73.0,12.4
Thailand,2005,Developing,72.5,12.0
Thailand,2004,Developing,71.6,11.9
Thailand,2003,Developing,71.7,11.8
Thailand,2002,Developing,71.4,11.5
Thailand,2001,Developing,71.2,11.2
Thailand,2000,Developing,71.1,10.9
Macedonia,2015,Developing,75.7,12.9
Macedonia,2014,Developing,75.5,12.9
Macedonia,2013,Developing,75.3,12.9
Macedonia,2012,Developing,75.1,12.9
Macedonia,2011,Developing,74.9,12.9
Macedonia,2010,Developing,74.7,13.0
Macedonia,2009,Developing,74.4,13.0
Macedonia,2008,Developing,74.2,12.2
Macedonia,2007,Developing,73.5,12.2
Macedonia,2006,Developing,73.7,12.1
Macedonia,2005,Developing,73.6,11.9
Macedonia,2004,Developing,73.5,11.9
Macedonia,2003,Developing,73.2,11.9
Macedonia,2002,Developing,72.8,11.9
Macedonia,2001,Developing,73.1,11.8
Macedonia,2000,Developing,72.6,11.7
East Timor,2015,Developing,68.3,12.5
East Timor,2014,Developing,68.0,12.5
East Timor,2013,Developing,67.7,12.5
East Timor,2012,Developing,67.4,12.5
East Timor,2011,Developing,67.2,12.5
East Timor,2010,Developing,66.9,12.4
East Timor,2009,Developing,66.6,12.1
East Timor,2008,Developing,66.2,11.7
East Timor,2007,Developing,65.8,11.3
East Timor,2006,Developing,64.9,11.0
East Timor,2005,Developing,63.7,10.6
East Timor,2004,Developing,62.3,10.2
East Timor,2003,Developing,61.0,9.8
East Timor,2002,Developing,62.0,9.8
East Timor,2001,Developing,59.4,9.8
East Timor,2000,Developing,58.7,0.0
Togo,2015,Developing,59.9,12.0
Togo,2014,Developing,59.7,12.0
Togo,2013,Developing,59.4,12.0
Togo,2012,Developing,58.9,12.0
Togo,2011,Developing,58.3,11.5
Togo,2010,Developing,57.4,11.0
Togo,2009,Developing,56.7,10.6
Togo,2008,Developing,56.2,10.1
Togo,2007,Developing,55.9,10.6
Togo,2006,Developing,55.7,10.2
Togo,2005,Developing,55.0,10.1
Togo,2004,Developing,54.9,10.0
Togo,2003,Developing,54.7,9.9
Togo,2002,Developing,54.7,9.7
Togo,2001,Developing,54.6,9.4
Togo,2000,Developing,54.6,9.3
Tonga,2015,Developing,73.5,14.3
Tonga,2014,Developing,73.3,14.3
Tonga,2013,Developing,73.2,14.3
Tonga,2012,Developing,73.0,14.4
Tonga,2011,Developing,72.9,14.4
Tonga,2010,Developing,72.8,14.4
Tonga,2009,Developing,72.5,14.5
Tonga,2008,Developing,72.6,14.5
Tonga,2007,Developing,72.5,14.5
Tonga,2006,Developing,72.4,14.6
Tonga,2005,Developing,72.3,14.6
Tonga,2004,Developing,72.2,14.6
Tonga,2003,Developing,72.0,13.7
Tonga,2002,Developing,71.9,13.5
Tonga,2001,Developing,71.8,13.2
Tonga,2000,Developing,71.6,13.7
Trinidad and Tobago,2015,Developing,71.2,12.7
Trinidad and Tobago,2014,Developing,71.1,12.7
Trinidad and Tobago,2013,Developing,71.0,12.7
Trinidad and Tobago,2012,Developing,78.0,12.6
Trinidad and Tobago,2011,Developing,76.0,12.6
Trinidad and Tobago,2010,Developing,74.0,12.5
Trinidad and Tobago,2009,Developing,71.0,12.5
Trinidad and Tobago,2008,Developing,69.9,12.4
Trinidad and Tobago,2007,Developing,69.7,12.4
Trinidad and Tobago,2006,Developing,69.6,12.3
Trinidad and Tobago,2005,Developing,69.5,12.3
Trinidad and Tobago,2004,Developing,69.4,12.2
Trinidad and Tobago,2003,Developing,69.3,12.0
Trinidad and Tobago,2002,Developing,69.2,11.9
Trinidad and Tobago,2001,Developing,69.1,11.8
Trinidad and Tobago,2000,Developing,69.1,11.7
Tunisia,2015,Developing,75.3,14.6
Tunisia,2014,Developing,75.1,14.7
Tunisia,2013,Developing,74.9,14.7
Tunisia,2012,Developing,74.9,14.6
Tunisia,2011,Developing,74.8,14.5
Tunisia,2010,Developing,74.8,14.4
Tunisia,2009,Developing,74.7,14.4
Tunisia,2008,Developing,74.7,14.3
Tunisia,2007,Developing,74.6,14.3
Tunisia,2006,Developing,74.4,14.2
Tunisia,2005,Developing,74.2,13.9
Tunisia,2004,Developing,74.0,13.6
Tunisia,2003,Developing,73.7,13.5
Tunisia,2002,Developing,73.5,13.3
Tunisia,2001,Developing,73.2,13.1
Tunisia,2000,Developing,72.9,12.8
Turkey,2015,Developing,75.8,14.5
Turkey,2014,Developing,75.5,14.5
Turkey,2013,Developing,75.2,14.4
Turkey,2012,Developing,74.8,14.3
Turkey,2011,Developing,74.5,13.8
Turkey,2010,Developing,74.2,13.0
Turkey,2009,Developing,73.9,12.5
Turkey,2008,Developing,73.5,12.5
Turkey,2007,Developing,73.2,12.3
Turkey,2006,Developing,72.8,11.9
Turkey,2005,Developing,72.4,11.9
Turkey,2004,Developing,72.0,12.0
Turkey,2003,Developing,71.6,11.9
Turkey,2002,Developing,71.2,11.5
Turkey,2001,Developing,78.0,11.1
Turkey,2000,Developing,74.0,10.7
Turkmenistan,2015,Developing,66.3,10.8
Turkmenistan,2014,Developing,66.0,10.8
Turkmenistan,2013,Developing,65.4,10.7
Turkmenistan,2012,Developing,65.6,10.7
Turkmenistan,2011,Developing,65.6,10.6
Turkmenistan,2010,Developing,65.8,10.6
Turkmenistan,2009,Developing,65.6,10.5
Turkmenistan,2008,Developing,64.5,10.5
Turkmenistan,2007,Developing,64.1,10.4
Turkmenistan,2006,Developing,63.7,10.4
Turkmenistan,2005,Developing,63.3,10.3
Turkmenistan,2004,Developing,63.5,10.3
Turkmenistan,2003,Developing,63.4,10.3
Turkmenistan,2002,Developing,63.3,10.2
Turkmenistan,2001,Developing,64.0,10.2
Turkmenistan,2000,Developing,63.8,0.0
Uganda,2015,Developing,62.3,10.0
Uganda,2014,Developing,61.5,10.0
Uganda,2013,Developing,67.0,10.0
Uganda,2012,Developing,60.0,10.0
Uganda,2011,Developing,59.3,10.7
Uganda,2010,Developing,58.4,10.9
Uganda,2009,Developing,57.5,10.8
Uganda,2008,Developing,56.3,10.6
Uganda,2007,Developing,55.5,10.3
Uganda,2006,Developing,54.9,10.6
Uganda,2005,Developing,53.2,10.9
Uganda,2004,Developing,51.3,11.6
Uganda,2003,Developing,51.0,11.5
Uganda,2002,Developing,48.8,11.0
Uganda,2001,Developing,47.7,10.8
Uganda,2000,Developing,46.6,9.8
Ukraine,2015,Developing,71.3,15.3
Ukraine,2014,Developing,78.0,15.2
Ukraine,2013,Developing,71.0,15.2
Ukraine,2012,Developing,77.0,15.1
Ukraine,2011,Developing,75.0,14.9
Ukraine,2010,Developing,69.8,14.9
Ukraine,2009,Developing,69.2,14.9
Ukraine,2008,Developing,67.7,14.9
Ukraine,2007,Developing,67.5,14.8
Ukraine,2006,Developing,67.7,14.7
Ukraine,2005,Developing,67.0,14.5
Ukraine,2004,Developing,67.4,14.6
Ukraine,2003,Developing,67.6,14.3
Ukraine,2002,Developing,67.6,13.9
Ukraine,2001,Developing,67.7,13.2
Ukraine,2000,Developing,67.5,13.3
United Arab Emirates,2015,Developing,77.1,13.3
United Arab Emirates,2014,Developing,76.9,13.3
United Arab Emirates,2013,Developing,76.7,13.3
United Arab Emirates,2012,Developing,76.5,13.3
United Arab Emirates,2011,Developing,76.3,13.3
United Arab Emirates,2010,Developing,76.2,13.3
United Arab Emirates,2009,Developing,76.0,13.2
United Arab Emirates,2008,Developing,75.8,13.1
United Arab Emirates,2007,Developing,75.6,12.9
United Arab Emirates,2006,Developing,75.4,12.8
United Arab Emirates,2005,Developing,75.3,12.6
United Arab Emirates,2004,Developing,75.1,12.4
United Arab Emirates,2003,Developing,74.9,12.3
United Arab Emirates,2002,Developing,74.7,12.1
United Arab Emirates,2001,Developing,74.5,12.0
United Arab Emirates,2000,Developing,74.2,11.8
Uruguay,2015,Developing,77.0,15.5
Uruguay,2014,Developing,76.8,15.5
Uruguay,2013,Developing,76.8,15.5
Uruguay,2012,Developing,76.5,15.5
Uruguay,2011,Developing,77.0,15.5
Uruguay,2010,Developing,76.3,15.6
Uruguay,2009,Developing,76.6,15.5
Uruguay,2008,Developing,76.4,15.7
Uruguay,2007,Developing,75.4,15.3
Uruguay,2006,Developing,76.2,15.2
Uruguay,2005,Developing,75.7,15.5
Uruguay,2004,Developing,75.4,15.5
Uruguay,2003,Developing,75.4,15.0
Uruguay,2002,Developing,75.4,14.7
Uruguay,2001,Developing,75.2,14.2
Uruguay,2000,Developing,75.1,14.0
Uzbekistan,2015,Developing,69.4,12.1
Uzbekistan,2014,Developing,69.2,12.1
Uzbekistan,2013,Developing,69.1,12.0
Uzbekistan,2012,Developing,68.8,12.0
Uzbekistan,2011,Developing,68.5,12.0
Uzbekistan,2010,Developing,68.3,11.9
Uzbekistan,2009,Developing,68.0,11.8
Uzbekistan,2008,Developing,67.9,11.9
Uzbekistan,2007,Developing,67.8,11.8
Uzbekistan,2006,Developing,67.6,11.8
Uzbekistan,2005,Developing,67.3,11.7
Uzbekistan,2004,Developing,67.8,11.6
Uzbekistan,2003,Developing,67.2,11.3
Uzbekistan,2002,Developing,67.1,11.0
Uzbekistan,2001,Developing,67.4,10.7
Uzbekistan,2000,Developing,67.1,10.6
Vanuatu,2015,Developing,72.0,10.8
Vanuatu,2014,Developing,71.7,10.8
Vanuatu,2013,Developing,71.6,10.8
Vanuatu,2012,Developing,71.4,10.8
Vanuatu,2011,Developing,71.2,10.8
Vanuatu,2010,Developing,71.0,10.8
Vanuatu,2009,Developing,78.0,10.7
Vanuatu,2008,Developing,75.0,10.7
Vanuatu,2007,Developing,73.0,10.7
Vanuatu,2006,Developing,71.0,10.6
Vanuatu,2005,Developing,69.9,10.6
Vanuatu,2004,Developing,69.6,10.7
Vanuatu,2003,Developing,69.4,10.4
Vanuatu,2002,Developing,69.3,10.2
Vanuatu,2001,Developing,69.1,10.1
Vanuatu,2000,Developing,69.0,9.6
Venezuela,2015,Developing,74.1,14.3
Venezuela,2014,Developing,73.9,14.2
Venezuela,2013,Developing,73.8,14.2
Venezuela,2012,Developing,73.7,14.1
Venezuela,2011,Developing,73.8,14.1
Venezuela,2010,Developing,73.7,14.0
Venezuela,2009,Developing,73.6,14.0
Venezuela,2008,Developing,73.2,13.4
Venezuela,2007,Developing,73.4,12.9
Venezuela,2006,Developing,73.6,12.4
Venezuela,2005,Developing,73.6,11.8
Venezuela,2004,Developing,73.3,11.6
Venezuela,2003,Developing,72.4,11.6
Venezuela,2002,Developing,73.1,11.0
Venezuela,2001,Developing,72.5,10.4
Venezuela,2000,Developing,72.5,10.6
Vietnam,2015,Developing,76.0,12.6
Vietnam,2014,Developing,75.9,12.5
Vietnam,2013,Developing,75.7,12.3
Vietnam,2012,Developing,75.6,12.2
Vietnam,2011,Developing,75.4,12.0
Vietnam,2010,Developing,75.2,11.9
Vietnam,2009,Developing,75.0,11.7
Vietnam,2008,Developing,74.9,11.6
Vietnam,2007,Developing,74.7,11.4
Vietnam,2006,Developing,74.6,11.3
Vietnam,2005,Developing,74.4,11.1
Vietnam,2004,Developing,74.2,11.0
Vietnam,2003,Developing,74.0,10.9
Vietnam,2002,Developing,73.8,10.7
Vietnam,2001,Developing,73.6,10.6
Vietnam,2000,Developing,73.4,10.4
Yemen,2015,Developing,65.7,9.0
Yemen,2014,Developing,65.4,9.0
Yemen,2013,Developing,65.4,9.0
Yemen,2012,Developing,64.7,9.0
Yemen,2011,Developing,64.6,8.6
Yemen,2010,Developing,64.4,8.5
Yemen,2009,Developing,64.1,8.4
Yemen,2008,Developing,63.8,8.5
Yemen,2007,Developing,63.4,8.6
Yemen,2006,Developing,63.0,8.7
Yemen,2005,Developing,62.6,8.6
Yemen,2004,Developing,62.2,8.4
Yemen,2003,Developing,61.9,8.2
Yemen,2002,Developing,61.5,8.0
Yemen,2001,Developing,61.1,7.9
Yemen,2000,Developing,68.0,7.7
Zambia,2015,Developing,61.8,12.5
Zambia,2014,Developing,61.1,12.5
Zambia,2013,Developing,63.0,12.5
Zambia,2012,Developing,59.2,12.3
Zambia,2011,Developing,58.2,12.0
Zambia,2010,Developing,58.0,11.8
Zambia,2009,Developing,57.4,11.6
Zambia,2008,Developing,55.7,11.4
Zambia,2007,Developing,52.6,11.1
Zambia,2006,Developing,58.0,10.9
Zambia,2005,Developing,49.3,10.7
Zambia,2004,Developing,47.9,10.5
Zambia,2003,Developing,46.4,10.2
Zambia,2002,Developing,45.5,10.0
Zambia,2001,Developing,44.6,9.8
Zambia,2000,Developing,43.8,9.6
Zimbabwe,2015,Developing,67.0,10.3
Zimbabwe,2014,Developing,59.2,10.3
Zimbabwe,2013,Developing,58.0,10.4
Zimbabwe,2012,Developing,56.6,9.8
Zimbabwe,2011,Developing,54.9,10.1
Zimbabwe,2010,Developing,52.4,10.0
Zimbabwe,2009,Developing,50.0,9.9
Zimbabwe,2008,Developing,48.2,9.7
Zimbabwe,2007,Developing,46.6,9.6
Zimbabwe,2006,Developing,45.4,9.5
Zimbabwe,2005,Developing,44.6,9.3
Zimbabwe,2004,Developing,44.3,9.2
Zimbabwe,2003,Developing,44.5,9.5
Zimbabwe,2002,Developing,44.8,10.0
Zimbabwe,2001,Developing,45.3,9.8
Zimbabwe,2000,Developing,46.0,9.8
