F-23353/17;ACIDO ACETILSALICILICO;500 mg;Comprimidos;ÁCIDO ACETILSALICÍLICO;Analgésico / Antipirético;LABORATORIO HOSPIFARMA CHILE LTDA.;23621
F-23098/16;ACIDO ACETILSALICILICO;100 mg;Comprimidos;ÁCIDO ACETILSALICÍLICO;Analgésico / Antipirético;OPKO CHILE S.A.;27889
F-6844/15;ÁCIDO ACETILSALICÍLICO;500 mg;Comprimidos;ÁCIDO ACETILSALICÍLICO;Analgésico / Antipirético;MINTLAB Co. S.A.;6870
F-1444/13;ÁCIDO ACETILSALICÍLICO;100 mg;Comprimidos;ÁCIDO ACETILSALICÍLICO;Analgésico / Antipirético;MINTLAB Co. S.A.;49384
F-20414/13;ACIDO ZOLEDRÓNICO;4 mg/ 5 mL;Solución para perfusión;ÁCIDO ZOLENDRÍNICO;Osteoporosis;FRESENIUS KABI CHILE LTDA.;42869
F-19336/17;ÁCIDO ZOLEDRÓNICO;4 mg/ 5 mL;Solución inyectable;ÁCIDO ZOLENDRÍNICO;Osteoporosis;EUROFARMA CHILE S.A.;16632
F-23083/16;ÁCIDO ZOLEDRÓNICO;4 mg/ 5 mL;Solución inyectable;ÁCIDO ZOLENDRÍNICO;Osteoporosis;SEVEN PHARMA CHILE S.p.A.;6188
F-5509/15;ADAX;1 mg;Comprimidos;ALPRAZOLAM;Ansiedad;LABORATORIOS SAVAL S.A.;21060
F-5511/15;ADAX;0.5 mg;Comprimidos;ALPRAZOLAM;Ansiedad;LABORATORIOS SAVAL S.A.;7054
F-13581/14;ALDROX;70 mg;Comprimidos recubiertos;ALENDRONATO;Osteoporosis;LABORATORIO PASTEUR S.A.;29626
F-7193/15;ALERTOP;10 mg;Comprimidos recubiertos;CETIRIZINA;Antialérgico;LABORATORIO CHILE S.A.;26268
F-2106/14;ALEXIA;120 mg;Comprimidos recubiertos;FEXOFENADINA;Antialérgico;LABORATORIOS SAVAL S.A.;12686
F-13779/14;ALEXIA FORTE;180 mg;Comprimidos recubiertos;FEXOFENADINA;Antialérgico;LABORATORIOS SAVAL S.A.;7167
F-8314/16;ALPRAZOLAM;0.5 mg;Comprimidos;ALPRAZOLAM;Ansiedad;LABORATORIO CHILE S.A.;37961
F-6506/15;ALPRAZOLAM;0.5 mg;Comprimidos;ALPRAZOLAM;Ansiedad;LABORATORIOS ANDRÓMACO S.A.;27065
F-9867/16;ALPRAZOLAM;0.25 mg;Comprimidos;ALPRAZOLAM;Ansiedad;MINTLAB Co. S.A.;6157
F-9868/16;ALPRAZOLAM;0.5 mg;Comprimidos;ALPRAZOLAM;Ansiedad;MINTLAB Co. S.A.;24443
F-19190/17;ALSARKARE;80 mg;Comprimidos recubiertos;VALSARTÁN;Hipertensión arterial;COMERCIALIZADORA ALEFFARMA LTDA.;16578
F-19191/17;ALSARKARE;160 mg;Comprimidos recubiertos;VALSARTÁN;Hipertensión arterial;COMERCIALIZADORA ALEFFARMA LTDA.;35811
F-19192/17;ALSARKARE;320 mg;Comprimidos recubiertos;VALSARTÁN;Hipertensión arterial;COMERCIALIZADORA ALEFFARMA LTDA.;12804
F-12065/17;ANDIBET;850 mg;Comprimidos recubiertos;METFORMINA;Diabetes Mellitus;CHEMOPHARMA S.A.;13760
F-20476/13;ANDIBET;500 mg;Comprimidos recubiertos;METFORMINA;Diabetes Mellitus;CHEMOPHARMA S.A.;22024
F-17006/13;ANFIBOL;5 mg;Comprimidos;NEBIVOLOL;Hipertensión arterial;LABORATORIOS RECALCINE S.A.;13800
F-20666/13;ARATAN;50 mg;Comprimidos recubiertos;LOSARTÁN;Hipertensión arterial;LABORATORIOS ANDRÓMACO S.A.;35889
F-20899/14;ARATAN;100 mg;Comprimidos recubiertos;LOSARTÁN;Hipertensión arterial;LABORATORIOS ANDRÓMACO S.A.;43927
F-22145/15;ARGIUM;200 mg;Cápsulas;CELECOXIB;Analgésico / Antiinflamatorio;LABORATORIO CHILE S.A.;30619
F-19975/13;ARTREXIB;200 mg;Cápsulas;CELECOXIB;Analgésico / Antiinflamatorio;NOVARTIS CHILE S.A.;33806
F-20737/13;ATENFAR;20 mg;Comprimidos recubiertos;ATORVASTATINA;Disminución del colesterol;MEDIPHARM LTDA.;21411
F-8329/16;ATENOLOL;50 mg;Comprimidos;ATENOLOL;Hipertensión arterial;LABORATORIO CHILE S.A.;22614
F-15201/15;ATENOLOL;50 mg;Comprimidos;ATENOLOL;Hipertensión arterial;LABORATORIOS ANDRÓMACO S.A.;47639
F-9869/16;ATENOLOL;100 mg;Comprimidos;ATENOLOL;Hipertensión arterial;MINTLAB Co. S.A.;41302
F-9870/16;ATENOLOL;50 mg;Comprimidos;ATENOLOL;Hipertensión arterial;MINTLAB Co. S.A.;35975
F-23332/17;ATENOLOL;50 mg;Comprimidos;ATENOLOL;Hipertensión arterial;OPKO CHILE S.A.;21489
F-23379/17;ATORVASTATINA;80 mg;Comprimidos recubiertos;ATORVASTATINA;Disminución del colesterol;ASCEND LABORATORIES S.p.A.;44945
F-23376/17;ATORVASTATINA;20 mg;Comprimidos recubiertos;ATORVASTATINA;Disminución del colesterol;ASCEND LABORATORIES S.p.A.;34503
F-23377/17;ATORVASTATINA;10 mg;Comprimidos recubiertos;ATORVASTATINA;Disminución del colesterol;ASCEND LABORATORIES S.p.A.;45587
F-23378/17;ATORVASTATINA;40 mg;Comprimidos recubiertos;ATORVASTATINA;Disminución del colesterol;ASCEND LABORATORIES S.p.A.;42600
F-21226/14;ATORVASTATINA;20 mg;Comprimidos recubiertos;ATORVASTATINA;Disminución del colesterol;EUROFARMA CHILE S.A.;29214
F-21227/14;ATORVASTATINA;40 mg;Comprimidos recubiertos;ATORVASTATINA;Disminución del colesterol;EUROFARMA CHILE S.A.;49229
F-21001/14;ATORVASTATINA;10 mg;Comprimidos recubiertos;ATORVASTATINA;Disminución del colesterol;EUROFARMA CHILE S.A.;38727
F-21002/14;ATORVASTATINA;80 mg;Comprimidos recubiertos;ATORVASTATINA;Disminución del colesterol;EUROFARMA CHILE S.A.;27750
F-19643/12;ATORVASTATINA;20 mg;Comprimidos recubiertos;ATORVASTATINA;Disminución del colesterol;LABORATORIO CHILE S.A.;18385
F-19644/12;ATORVASTATINA;40 mg;Comprimidos recubiertos;ATORVASTATINA;Disminución del colesterol;LABORATORIO CHILE S.A.;48819
F-19645/12;ATORVASTATINA;80 mg;Comprimidos recubiertos;ATORVASTATINA;Disminución del colesterol;LABORATORIO CHILE S.A.;40182
F-19646/12;ATORVASTATINA;10 mg;Comprimidos recubiertos;ATORVASTATINA;Disminución del colesterol;LABORATORIO CHILE S.A.;36330
F-12238/12;ATORVASTATINA;10 mg;Comprimidos recubiertos;ATORVASTATINA;Disminución del colesterol;LABORATORIO PASTEUR S.A.;5061
F-14545/15;ATORVASTATINA;10 mg;Comprimidos recubiertos;ATORVASTATINA;Disminución del colesterol;MINTLAB Co. S.A.;38974
F-14546/15;ATORVASTATINA;20 mg;Comprimidos recubiertos;ATORVASTATINA;Disminución del colesterol;MINTLAB Co. S.A.;41478
F-18552/16;ATORVASTATINA;20 mg;Comprimidos recubiertos;ATORVASTATINA;Disminución del colesterol;OPKO CHILE S.A.;24999
F-18459/15;ATORVASTATINA;10 mg;Comprimidos recubiertos;ATORVASTATINA;Disminución del colesterol;OPKO CHILE S.A.;40714
F-22049/15;ATORVASTATINA;20 mg;Comprimidos recubiertos;ATORVASTATINA;Disminución del colesterol;SYNTHON CHILE LTDA.;10015
F-22096/15;ATORVASTATINA;10 mg;Comprimidos recubiertos;ATORVASTATINA;Disminución del colesterol;SYNTHON CHILE LTDA.;22286
F-6436/15;BEDIATIL;200 mg;Comprimidos;IBUPROFENO;Analgésico / Antiinflamatorio;LABORATORIO PASTEUR S.A.;41004
F-16898/13;BEDIATIL 400;400 mg;Comprimidos recubiertos;IBUPROFENO;Analgésico / Antiinflamatorio;LABORATORIO PASTEUR S.A.;23315
F-20239/13;BEJOWA;2 mg;Comprimidos;CLONAZEPAM;Ansiedad;SANOFI-AVENTIS DE CHILE S.A.;27875
F-20240/13;BEJOWA;0.5 mg;Comprimidos;CLONAZEPAM;Ansiedad;SANOFI-AVENTIS DE CHILE S.A.;14897
F-20242/13;BEJOWA;2 mg;Comprimidos;CLONAZEPAM;Ansiedad;SANOFI-AVENTIS DE CHILE S.A.;16576
F-21449/14;BETINA;8 mg;Comprimidos;BETAHISTINA;Vertigo;EUROFARMA CHILE S.A.;42072
F-21442/14;BETINA;24 mg;Comprimidos;BETAHISTINA;Vertigo;EUROFARMA CHILE S.A.;7519
F-21443/14;BETINA;16 mg;Comprimidos;BETAHISTINA;Vertigo;EUROFARMA CHILE S.A.;38797
F-20674/13;CAPSURE;200 mg;Cápsulas;CELECOXIB;Analgésico / Antiinflamatorio;PFIZER CHILE S.A.;8730
F-3292/15;CARDIOLEN;80 mg;Cápsulas;VERAPAMILO;Hipertensión arterial;INSTITUTO SANITAS S.A.;11610
F-3293/15;CARDIOLEN;120 mg;Cápsulas;VERAPAMILO;Hipertensión arterial;INSTITUTO SANITAS S.A.;31164
F-17455/14;CARDIONASE;50 mg;Comprimidos recubiertos;LOSARTÁN;Hipertensión arterial;OPKO CHILE S.A.;14416
F-15863/16;CARDIOPLUS;20 mg;Comprimidos recubiertos;OLMESARTÁN;Hipertensión arterial;LABORATORIOS RECALCINE S.A.;25492
F-15864/16;CARDIOPLUS;40 mg;Comprimidos recubiertos;OLMESARTÁN;Hipertensión arterial;LABORATORIOS RECALCINE S.A.;6333
F-22885/16;CELECOXIB;200 mg;Cápsulas;CELECOXIB;Analgésico / Antiinflamatorio;ASCEND LABORATORIES S.p.A.;6853
F-23043/16;CELECOXIB;200 mg;Cápsulas;CELECOXIB;Analgésico / Antiinflamatorio;ETHON PHARMACEUTICALS S.p.A.;29858
F-22393/16;CELECOXIB;200 mg;Cápsulas;CELECOXIB;Analgésico / Antiinflamatorio;LABORATORIOS ANDRÓMACO S.A.;17185
F-20673/13;CELECOXIB;200 mg;Cápsulas;CELECOXIB;Analgésico / Antiinflamatorio;PFIZER CHILE S.A.;14082
F-22417/16;CELECOXIB;200 mg;Cápsulas;CELECOXIB;Analgésico / Antiinflamatorio;PHARMATECH CHILE S.A.;46545
F-23505/17;CELECOXIB;200 mg;Cápsulas;CELECOXIB;Analgésico / Antiinflamatorio;SYNTHON CHILE LTDA.;12344
F-22582/16;CELECOXIB CAPSULAS;200 mg;Cápsulas;CELECOXIB;Analgésico / Antiinflamatorio;SEVEN PHARMA CHILE S.p.A.;9098
F-23504/17;CELEDOX;200 mg;Cápsulas;CELECOXIB;Analgésico / Antiinflamatorio;SYNTHON CHILE LTDA.;27259
F-23039/16;CELEVITAE;200 mg;Cápsulas;CELECOXIB;Analgésico / Antiinflamatorio;GALENICUM HEALTH CHILE S.p.A.;46975
F-23110/16;CETIRIZINA DICLORHIDRATO;10 mg;Comprimidos recubiertos;CETIRIZINA;Antialérgico;ASCEND LABORATORIES S.p.A.;43098
F-13749/14;CETIRIZINA DICLORHIDRATO;10 mg;Comprimidos recubiertos;CETIRIZINA;Antialérgico;LABORATORIO CHILE S.A.;22712
F-10073/16;CETIRIZINA DICLORHIDRATO;10 mg;Comprimidos recubiertos;CETIRIZINA;Antialérgico;MINTLAB Co. S.A.;48650
F-7212/15;CETIRIZINA DICLORHIDRATO;10 mg;Comprimidos recubiertos;CETIRIZINA;Antialérgico;SYNTHON CHILE LTDA.;25129
F-8373/16;CLONAPAM;0.5 mg;Comprimidos;CLONAZEPAM;Ansiedad;LABORATORIO CHILE S.A.;20295
F-8374/16;CLONAPAM;2 mg;Comprimidos;CLONAZEPAM;Ansiedad;LABORATORIO CHILE S.A.;46870
F-15579/16;CLONAZEPAM;0.5 mg;Comprimidos;CLONAZEPAM;Ansiedad;INTERPHARMA S.A.;14698
F-15580/16;CLONAZEPAM;2 mg;Comprimidos;CLONAZEPAM;Ansiedad;INTERPHARMA S.A.;31329
F-13246/13;CLONAZEPAM;0.5 mg;Comprimidos;CLONAZEPAM;Ansiedad;LABORATORIO CHILE S.A.;10598
F-13247/13;CLONAZEPAM;2 mg;Comprimidos;CLONAZEPAM;Ansiedad;LABORATORIO CHILE S.A.;35996
F-13556/14;CLONAZEPAM;0.5 mg;Comprimidos;CLONAZEPAM;Ansiedad;MINTLAB Co. S.A.;13844
F-13557/14;CLONAZEPAM;2 mg;Comprimidos;CLONAZEPAM;Ansiedad;MINTLAB Co. S.A.;12003
F-3901/15;CLORFENAMINA MALEATO;4 mg;Comprimidos;CLORFENAMINA;Antialérgico;LABORATORIO CHILE S.A.;43058
F-2310/14;CLORFENAMINA MALEATO;4 mg;Comprimidos;CLORFENAMINA;Antialérgico;LABORATORIO MAVER S.A.;22191
F-11601/16;CLORFENAMINA MALEATO;4 mg;Comprimidos;CLORFENAMINA;Antialérgico;LABORATORIO PASTEUR S.A.;36936
F-14519/15;CLORFENAMINA MALEATO;4 mg;Comprimidos recubiertos;CLORFENAMINA;Antialérgico;LABORATORIOS ANDRÓMACO S.A.;18669
F-6877/15;CLORFENAMINA MALEATO;4 mg;Comprimidos;CLORFENAMINA;Antialérgico;MINTLAB Co. S.A.;20328
F-9495/11;CLORFENAMINA MALEATO;4 mg;Comprimidos;CLORFENAMINA;Antialérgico;SYNTHON CHILE LTDA.;39707
F-504/13;CLOZANIL;0.5 mg;Comprimidos;CLONAZEPAM;Ansiedad;INSTITUTO SANITAS S.A.;5800
F-505/13;CLOZANIL;2 mg;Comprimidos;CLONAZEPAM;Ansiedad;INSTITUTO SANITAS S.A.;26449
F-10074/16;COOLIPS;10 mg;Comprimidos recubiertos;CETIRIZINA;Antialérgico;MINTLAB Co. S.A.;42141
F-15384/16;CORDIAX;40 mg;Comprimidos;TELMISARTÁN;Hipertensión arterial;LABORATORIOS RECALCINE S.A.;23213
F-15360/15;CORDIAX;80 mg;Comprimidos;TELMISARTÁN;Hipertensión arterial;LABORATORIOS RECALCINE S.A.;5591
F-12482/12;CORODIN;100 mg;Comprimidos recubiertos;LOSARTÁN;Hipertensión arterial;LABORATORIOS LAFI LTDA.;47801
F-11043/16;CORODIN;50 mg;Comprimidos recubiertos;LOSARTÁN;Hipertensión arterial;LABORATORIOS LAFI LTDA.;11433
F-19513/12;CORSALUX;50 mg;Comprimidos recubiertos;LOSARTÁN;Hipertensión arterial;NOVARTIS CHILE S.A.;38420
F-2634/14;COTIBIN;500 mg;Comprimidos;PARACETAMOL;Analgésico / Antipirético;LABORATORIOS ANDRÓMACO S.A.;5526
F-21624/14;COXDOS;200 mg;Cápsulas;CELECOXIB;Analgésico / Antiinflamatorio;LABORATORIOS ANDRÓMACO S.A.;13002
F-913/13;CRISMOL;2 mg;Comprimidos;CLONAZEPAM;Ansiedad;PHARMA INVESTI DE CHILE S.A.;9041
F-15444/16;D-HISTAPLUS;5 mg;Comprimidos;DESLORATADINA;Antialérgico;LABORATORIO PASTEUR S.A.;6590
F-14173/14;DEGRALER;5 mg;Comprimidos recubiertos;LEVOCETIRIZINA;Antialérgico;LABORATORIO BAGÓ DE CHILE S.A.;47092
F-19800/13;DESLORATADINA;5 mg;Comprimidos recubiertos;DESLORATADINA;Antialérgico;INTERPHARMA S.A.;36898
F-15112/15;DESLORATADINA;5 mg;Comprimidos recubiertos;DESLORATADINA;Antialérgico;LABORATORIO CHILE S.A.;30832
F-16474/12;DESLORATADINA;5 mg;Comprimidos recubiertos;DESLORATADINA;Antialérgico;LABORATORIOS PRATER S.A.;43420
F-14377/14;DESLORATADINA;5 mg;Comprimidos recubiertos;DESLORATADINA;Antialérgico;MINTLAB Co. S.A.;26093
F-14004/14;DESPEVAL;5 mg;Comprimidos recubiertos;DESLORATADINA;Antialérgico;LABORATORIOS SAVAL S.A.;29828
F-15113/15;DESPEX;5 mg;Comprimidos recubiertos;DESLORATADINA;Antialérgico;LABORATORIO CHILE S.A.;19721
F-20046/13;DEUCODOL;400 mg;Comprimidos recubiertos;IBUPROFENO;Analgésico / Antiinflamatorio;MEDIPHARM LTDA.;28561
F-20011/13;DEUCODOL;600 mg;Comprimidos recubiertos;IBUPROFENO;Analgésico / Antiinflamatorio;MEDIPHARM LTDA.;38291
F-3920/15;DIAZEPAM;10 mg;Comprimidos;DIAZEPAM;Ansiedad;LABORATORIO CHILE S.A.;36240
F-3374/15;DIAZEPAM;10 mg;Comprimidos;DIAZEPAM;Ansiedad;MINTLAB Co. S.A.;30814
F-7160/15;DOLOFAR;50 mg;Cápsulas;KETOPROFENO;Analgésico / Antiinflamatorio;MEDIPHARM LTDA.;41153
F-20009/13;DOOX;5 mg;Comprimidos;NEBIVOLOL;Hipertensión arterial;LABORATORIO CHILE S.A.;46890
F-21657/15;DOSARA;160 mg;Comprimidos recubiertos;VALSARTÁN;Hipertensión arterial;LABORATORIOS ANDRÓMACO S.A.;13759
F-21658/15;DOSARA;80 mg;Comprimidos recubiertos;VALSARTÁN;Hipertensión arterial;LABORATORIOS ANDRÓMACO S.A.;25491
F-22394/16;ELECOX;200 mg;Cápsulas;CELECOXIB;Analgésico / Antiinflamatorio;LABORATORIOS ANDRÓMACO S.A.;30978
F-9784/16;EUROGESIC ADULTO;275 mg;Comprimidos recubiertos;NAPROXENO;Analgésico / Antiinflamatorio;EUROLAB LTDA.;36633
F-9785/16;EUROGESIC ADULTO FORTE;550 mg;Comprimidos recubiertos;NAPROXENO;Analgésico / Antiinflamatorio;EUROLAB LTDA.;22762
F-23106/16;EZETIMIBA;10 mg;Comprimidos;EZETIMIBA;Disminución del colesterol;ASCEND LABORATORIES S.p.A.;44274
F-22334/15;FENAX;180 mg;Comprimidos recubiertos;FEXOFENADINA;Antialérgico;LABORATORIOS ANDRÓMACO S.A.;5952
F-22333/15;FENAX COMPRIMIDOS;120 mg;Comprimidos recubiertos;FEXOFENADINA;Antialérgico;LABORATORIOS ANDRÓMACO S.A.;15211
F-7609/16;FENILEFRINA CLORHIDRATO;10 mg/1 mL;Solución inyectable;FENILEFRINA;Antialérgico;BESTPHARMA S.A.;13049
F-22560/16;FEXOFENADINA CLORHIDRATO;180 mg;Comprimidos recubiertos;FEXOFENADINA;Antialérgico;SEVEN PHARMA CHILE S.p.A.;40856
F-21819/15;FINDALER;10 mg;Comprimidos recubiertos;CETIRIZINA;Antialérgico;MEDIPHARM LTDA.;35527
F-9741/16;FINTAXIM;850 mg;Comprimidos recubiertos;METFORMINA;Diabetes Mellitus;LABORATORIO MAVER S.A.;20308
F-8406/16;FLOGOFIN;50 mg;Cápsulas;KETOPROFENO;Analgésico / Antiinflamatorio;LABORATORIO CHILE S.A.;26229
F-9387/16;FLOGOTONE FORTE;550 mg;Comprimidos recubiertos;NAPROXENO;Analgésico / Antiinflamatorio;INTERPHARMA S.A.;36555
F-18281/15;FOCUS 500;500 mg;Comprimidos;PARACETAMOL;Analgésico / Antipirético;BAYER S.A.;7098
F-3940/15;FRENALER;10 mg;Comprimidos;LORATADINA;Antialérgico;LABORATORIO CHILE S.A.;37156
F-6908/15;GENIOL;500 mg;Comprimidos;PARACETAMOL;Analgésico / Antipirético;MINTLAB Co. S.A.;48197
F-19506/17;GESIDOL;500 mg;Comprimidos;PARACETAMOL;Analgésico / Antipirético;MEDIPHARM LTDA.;47150
F-21435/14;GESIX;200 mg;Cápsulas;CELECOXIB;Analgésico / Antiinflamatorio;LABORATORIOS SAVAL S.A.;20209
F-22956/16;GLAUPAX 1000 XR;1 g;Comprimidos de liberación prolongada;METFORMINA;Diabetes Mellitus;LABORATORIO PASTEUR S.A.;47499
F-16926/13;GLAUPAX 500;500 mg;Comprimidos recubiertos;METFORMINA;Diabetes Mellitus;LABORATORIO PASTEUR S.A.;39501
F-22954/16;GLAUPAX 500 XR;500 mg;Comprimidos de liberación prolongada;METFORMINA;Diabetes Mellitus;LABORATORIO PASTEUR S.A.;13716
F-22955/16;GLAUPAX 750 XR;750 mg;Comprimidos de liberación prolongada;METFORMINA;Diabetes Mellitus;LABORATORIO PASTEUR S.A.;36815
F-16925/13;GLAUPAX 850;850 mg;Comprimidos recubiertos;METFORMINA;Diabetes Mellitus;LABORATORIO PASTEUR S.A.;38441
F-3947/15;GLIBENCLAMIDA;5 mg;Comprimidos;GLIBENCLAMIDA;Diabetes Mellitus;LABORATORIO CHILE S.A.;25043
F-2414/14;GLIBENCLAMIDA;5 mg;Comprimidos;GLIBENCLAMIDA;Diabetes Mellitus;LABORATORIOS ANDRÓMACO S.A.;27455
F-9896/16;GLIBENCLAMIDA;5 mg;Comprimidos;GLIBENCLAMIDA;Diabetes Mellitus;MINTLAB Co. S.A.;21797
F-15406/16;GLICENEX;500 mg;Comprimidos recubiertos;METFORMINA;Diabetes Mellitus;LABORATORIO BAGÓ DE CHILE S.A.;37435
F-14047/14;GLICENEX;850 mg;Comprimidos recubiertos;METFORMINA;Diabetes Mellitus;LABORATORIO BAGÓ DE CHILE S.A.;24820
F-17102/13;GLICENEX SR;500 mg;Comprimidos de liberación prolongada;METFORMINA;Diabetes Mellitus;LABORATORIO BAGÓ DE CHILE S.A.;38716
F-17224/13;GLICENEX SR;750 mg;Comprimidos de liberación prolongada;METFORMINA;Diabetes Mellitus;LABORATORIO BAGÓ DE CHILE S.A.;40952
F-21588/14;GLICOSOL;850 mg;Comprimidos recubiertos;METFORMINA;Diabetes Mellitus;OPKO CHILE S.A.;20903
F-19751/13;GLIDANIL;850 mg;Comprimidos recubiertos;METFORMINA;Diabetes Mellitus;MEDIPHARM LTDA.;8234
F-20507/13;GLIDANIL;500 mg;Comprimidos recubiertos;METFORMINA;Diabetes Mellitus;MEDIPHARM LTDA.;10382
F-18502/11;GLIFORTEX;850 mg;Comprimidos recubiertos;METFORMINA;Diabetes Mellitus;LABORATORIOS ANDRÓMACO S.A.;17210
F-20012/13;GLIFORTEX XR;750 mg;Comprimidos de liberación prolongada;METFORMINA;Diabetes Mellitus;LABORATORIOS ANDRÓMACO S.A.;44977
F-22097/15;GLUCONATO DE CALCIO;10%;Solución inyectable;GLUCONATO DE CALCIO;Osteoporosis;FRESENIUS KABI CHILE LTDA.;49235
F-6909/15;HASSAPIRIN;500 mg;Comprimidos;ÁCIDO ACETILSALICÍLICO;Analgésico / Antipirético;MINTLAB Co. S.A.;17240
F-1984/14;HASSAPIRIN INFANTIL;100 mg;Comprimidos;ÁCIDO ACETILSALICÍLICO;Analgésico / Antipirético;MINTLAB Co. S.A.;8249
F-15246/15;HEADOL;500 mg;Comprimidos;PARACETAMOL;Analgésico / Antipirético;LABORATORIOS MDK S.A.;48274
F-8438/16;HIPOGLUCIN;850 mg;Comprimidos recubiertos;METFORMINA;Diabetes Mellitus;LABORATORIO CHILE S.A.;5648
F-18406/15;HIPOGLUCIN 1000 LP;1 g;Comprimidos de liberación prolongada;METFORMINA;Diabetes Mellitus;LABORATORIO CHILE S.A.;9272
F-18851/16;HIPOGLUCIN 500 LP;500 mg;Comprimidos de liberación prolongada;METFORMINA;Diabetes Mellitus;LABORATORIO CHILE S.A.;49159
F-18226/15;HIPOGLUCIN 750 LP;750 mg;Comprimidos de liberación prolongada;METFORMINA;Diabetes Mellitus;LABORATORIO CHILE S.A.;21345
F-13978/14;HIPOLIXAN;40 mg;Comprimidos recubiertos;ATORVASTATINA;Disminución del colesterol;LABORATORIO PASTEUR S.A.;22660
F-9839/16;HIPOLIXAN;20 mg;Comprimidos recubiertos;ATORVASTATINA;Disminución del colesterol;LABORATORIO PASTEUR S.A.;6861
F-3447/15;HIPOLIXAN;10 mg;Comprimidos recubiertos;ATORVASTATINA;Disminución del colesterol;LABORATORIO PASTEUR S.A.;10948
F-15502/16;HISTAFED;4 mg;Comprimidos;CLORFENAMINA;Antialérgico;LABORATORIOS MDK S.A.;8621
F-13558/14;HISTROL;0.5 mg;Comprimidos;CLONAZEPAM;Ansiedad;MINTLAB Co. S.A.;11767
F-13559/14;HISTROL;2 mg;Comprimidos;CLONAZEPAM;Ansiedad;MINTLAB Co. S.A.;44829
F-16880/13;IBANOX;150 mg;Comprimidos recubiertos;ÁCIDO IBANDRÍNICO;Osteoporosis;LABORATORIO PASTEUR S.A.;32216
F-22711/16;IBANVITAE;150 mg;Comprimidos recubiertos;ÁCIDO IBANDRÍNICO;Osteoporosis;GALENICUM HEALTH CHILE S.p.A.;7331
F-20227/13;IBU-2;200 mg;Comprimidos recubiertos;IBUPROFENO;Analgésico / Antiinflamatorio;LABORATORIOS ANDRÓMACO S.A.;9574
F-20401/13;IBU-4;400 mg;Comprimidos recubiertos;IBUPROFENO;Analgésico / Antiinflamatorio;LABORATORIOS ANDRÓMACO S.A.;42292
F-23298/17;IBU-4;400 mg;Comprimidos;IBUPROFENO;Analgésico / Antiinflamatorio;LABORATORIOS ANDRÓMACO S.A.;20176
F-20148/13;IBU-6;600 mg;Comprimidos recubiertos;IBUPROFENO;Analgésico / Antiinflamatorio;LABORATORIOS ANDRÓMACO S.A.;29897
F-23295/17;IBU-6;600 mg;Comprimidos;IBUPROFENO;Analgésico / Antiinflamatorio;LABORATORIOS ANDRÓMACO S.A.;35744
F-16738/13;IBUCON;400 mg;Comprimidos recubiertos;IBUPROFENO;Analgésico / Antiinflamatorio;EUROFARMA CHILE S.A.;31121
F-16989/13;IBUCON;600 mg;Comprimidos recubiertos;IBUPROFENO;Analgésico / Antiinflamatorio;EUROFARMA CHILE S.A.;25853
F-21594/14;IBUFAS-T;400 mg;Comprimidos recubiertos;IBUPROFENO;Analgésico / Antiinflamatorio;LABORATORIOS MDK S.A.;26924
F-21633/15;IBUFAS-T;600 mg;Comprimidos recubiertos;IBUPROFENO;Analgésico / Antiinflamatorio;LABORATORIOS MDK S.A.;10177
F-20999/14;IBUPIRAC LC;400 mg;Cápsulas blandas;IBUPROFENO;Analgésico / Antiinflamatorio;CHEMOPHARMA S.A.;44403
F-21000/14;IBUPIRAC LC;600 mg;Cápsulas blandas;IBUPROFENO;Analgésico / Antiinflamatorio;CHEMOPHARMA S.A.;16325
F-21967/15;IBUPIRAC LC;200 mg;Cápsulas blandas;IBUPROFENO;Analgésico / Antiinflamatorio;CHEMOPHARMA S.A.;46727
F-22279/15;IBUPROFENO;200 mg;Comprimidos recubiertos;IBUPROFENO;Analgésico / Antiinflamatorio;ASCEND LABORATORIES S.p.A.;47197
F-20013/13;IBUPROFENO;600 mg;Comprimidos recubiertos;IBUPROFENO;Analgésico / Antiinflamatorio;ASCEND LABORATORIES S.p.A.;26647
F-20047/13;IBUPROFENO;400 mg;Comprimidos recubiertos;IBUPROFENO;Analgésico / Antiinflamatorio;ASCEND LABORATORIES S.p.A.;5787
F-18594/16;IBUPROFENO;400 mg;Comprimidos recubiertos;IBUPROFENO;Analgésico / Antiinflamatorio;EUROFARMA CHILE S.A.;25053
F-18182/15;IBUPROFENO;600 mg;Comprimidos recubiertos;IBUPROFENO;Analgésico / Antiinflamatorio;EUROFARMA CHILE S.A.;9542
F-18139/15;IBUPROFENO;400 mg;Comprimidos;IBUPROFENO;Analgésico / Antiinflamatorio;LABORATORIO CHILE S.A.;16240
F-18140/15;IBUPROFENO;600 mg;Comprimidos;IBUPROFENO;Analgésico / Antiinflamatorio;LABORATORIO CHILE S.A.;35083
F-12546/12;IBUPROFENO;200 mg;Comprimidos;IBUPROFENO;Analgésico / Antiinflamatorio;LABORATORIO PASTEUR S.A.;18018
F-19794/13;IBUPROFENO;600 mg;Comprimidos recubiertos;IBUPROFENO;Analgésico / Antiinflamatorio;LABORATORIOS ANDRÓMACO S.A.;41412
F-19796/13;IBUPROFENO;200 mg;Comprimidos recubiertos;IBUPROFENO;Analgésico / Antiinflamatorio;LABORATORIOS ANDRÓMACO S.A.;21419
F-19797/13;IBUPROFENO;400 mg;Comprimidos recubiertos;IBUPROFENO;Analgésico / Antiinflamatorio;LABORATORIOS ANDRÓMACO S.A.;36738
F-23296/17;IBUPROFENO;600 mg;Comprimidos;IBUPROFENO;Analgésico / Antiinflamatorio;LABORATORIOS ANDRÓMACO S.A.;6818
F-23297/17;IBUPROFENO;400 mg;Comprimidos;IBUPROFENO;Analgésico / Antiinflamatorio;LABORATORIOS ANDRÓMACO S.A.;22913
F-21593/14;IBUPROFENO;400 mg;Comprimidos recubiertos;IBUPROFENO;Analgésico / Antiinflamatorio;LABORATORIOS MDK S.A.;43542
F-21632/15;IBUPROFENO;600 mg;Comprimidos recubiertos;IBUPROFENO;Analgésico / Antiinflamatorio;LABORATORIOS MDK S.A.;18836
F-2050/14;IBUPROFENO;600 mg;Comprimidos recubiertos;IBUPROFENO;Analgésico / Antiinflamatorio;MINTLAB Co. S.A.;15916
F-1879/14;IBUPROFENO;400 mg;Comprimidos recubiertos;IBUPROFENO;Analgésico / Antiinflamatorio;MINTLAB Co. S.A.;8156
F-22842/16;IBUPROFENO;600 mg;Comprimidos recubiertos;IBUPROFENO;Analgésico / Antiinflamatorio;OPKO CHILE S.A.;49892
F-7636/16;IBUPROFENO;400 mg;Comprimidos recubiertos;IBUPROFENO;Analgésico / Antiinflamatorio;OPKO CHILE S.A.;24817
F-15993/17;IDENA;150 mg;Comprimidos recubiertos;ÁCIDO IBANDRÍNICO;Osteoporosis;TECNOFARMA S.A.;9025
F-17617/14;ILTUX;40 mg;Comprimidos recubiertos;OLMESARTÁN;Hipertensión arterial;TECNOFARMA S.A.;13476
F-21854/15;IMITIMOL;1 g;Comprimidos;PARACETAMOL;Analgésico / Antipirético;PHARMA INVESTI DE CHILE S.A.;16231
F-22589/16;INDAPAMIDA;1.5 mg;Comprimidos recubiertos;INDAPAMIDA;Hipertensión arterial;EUROFARMA CHILE S.A.;42532
F-22363/15;IRBESARTAN;300 mg;Comprimidos recubiertos;IRBESARTÁN;Hipertensión arterial;BLUEPHARMA CHILE S.p.A.;28204
F-22364/15;IRBESARTAN;150 mg;Comprimidos recubiertos;IRBESARTÁN;Hipertensión arterial;BLUEPHARMA CHILE S.p.A.;18785
F-23051/16;IRBESARTÁN;300 mg;Comprimidos recubiertos;IRBESARTÁN;Hipertensión arterial;SEVEN PHARMA CHILE S.p.A.;26018
F-21513/14;IRBEVITAE;150 mg;Comprimidos recubiertos;IRBESARTÁN;Hipertensión arterial;GALENICUM HEALTH CHILE S.p.A.;13602
F-21514/14;IRBEVITAE;300 mg;Comprimidos recubiertos;IRBESARTÁN;Hipertensión arterial;GALENICUM HEALTH CHILE S.p.A.;41692
F-21784/15;IRBEVITAE PLUS;150 mg;Comprimidos recubiertos;IRBESARTÁN/HIDROCLOROTIAZIDA;Hipertensión arterial;GALENICUM HEALTH CHILE S.p.A.;44792
F-21785/15;IRBEVITAE PLUS;300 mg;Comprimidos recubiertos;IRBESARTÁN/HIDROCLOROTIAZIDA;Hipertensión arterial;GALENICUM HEALTH CHILE S.p.A.;12251
F-22350/15;IRTANA;300 mg;Comprimidos;IRBESARTÁN;Hipertensión arterial;EUROFARMA CHILE S.A.;15069
F-20631/13;IRTANA H;300 mg;Comprimidos;IRBESARTÁN/HIDROCLOROTIAZIDA;Hipertensión arterial;EUROFARMA CHILE S.A.;38210
F-20632/13;IRTANA H;150 mg;Comprimidos;IRBESARTÁN/HIDROCLOROTIAZIDA;Hipertensión arterial;EUROFARMA CHILE S.A.;34012
F-15298/15;KEPRODOL;50 mg;Cápsulas;KETOPROFENO;Analgésico / Antiinflamatorio;LABORATORIOS ANDRÓMACO S.A.;32006
F-16049/17;KETOPROFENO;50 mg;Cápsulas;KETOPROFENO;Analgésico / Antiinflamatorio;LABORATORIO CHILE S.A.;13200
F-14024/14;KETOPROFENO;50 mg;Cápsulas;KETOPROFENO;Analgésico / Antiinflamatorio;LABORATORIOS ANDRÓMACO S.A.;47967
F-9897/16;KETOPROFENO;50 mg;Cápsulas;KETOPROFENO;Analgésico / Antiinflamatorio;MINTLAB Co. S.A.;23223
F-494/13;KITADOL;500 mg;Comprimidos;PARACETAMOL;Analgésico / Antipirético;LABORATORIO CHILE S.A.;32925
F-17536/14;KITADOL 1000;1 g;Comprimidos;PARACETAMOL;Analgésico / Antipirético;LABORATORIO CHILE S.A.;43328
F-8842/16;LEODRIN;70 mg;Comprimidos recubiertos;ALENDRONATO;Osteoporosis;LABORATORIOS LAFI LTDA.;40361
F-22684/16;LEVOCETIRIZINA DICLORHIDRATO;5 mg;Comprimidos recubiertos;LEVOCETIRIZINA;Antialérgico;SEVEN PHARMA CHILE S.p.A.;7134
F-18332/15;LEVORIGOTAX;5 mg;Comprimidos recubiertos;LEVOCETIRIZINA;Antialérgico;LABORATORIOS PRATER S.A.;29829
F-3979/10;LEVOTIROXINA SÓDICA;100 mcg;Comprimidos;LEVOTIROXINA;Hipotiroidismo;LABORATORIO CHILE S.A.;37832
F-14846/15;LINAROL;20 mg;Comprimidos recubiertos;ATORVASTATINA;Disminución del colesterol;MINTLAB Co. S.A.;20649
F-14847/15;LINAROL;10 mg;Comprimidos recubiertos;ATORVASTATINA;Disminución del colesterol;MINTLAB Co. S.A.;6635
F-20489/13;LIPOTEN;80 mg;Comprimidos recubiertos;ATORVASTATINA;Disminución del colesterol;PHARMAVITA S.A.;48337
F-20490/13;LIPOTEN;40 mg;Comprimidos recubiertos;ATORVASTATINA;Disminución del colesterol;PHARMAVITA S.A.;43237
F-20491/13;LIPOTEN;20 mg;Comprimidos recubiertos;ATORVASTATINA;Disminución del colesterol;PHARMAVITA S.A.;23154
F-20492/13;LIPOTEN;10 mg;Comprimidos recubiertos;ATORVASTATINA;Disminución del colesterol;PHARMAVITA S.A.;47439
F-1723/14;LIPOTROPIC;10 mg;Comprimidos recubiertos;ATORVASTATINA;Disminución del colesterol;LABORATORIOS LAFI LTDA.;27376
F-1724/14;LIPOTROPIC;20 mg;Comprimidos recubiertos;ATORVASTATINA;Disminución del colesterol;LABORATORIOS LAFI LTDA.;21005
F-12937/13;LIPOTROPIC;40 mg;Comprimidos recubiertos;ATORVASTATINA;Disminución del colesterol;LABORATORIOS LAFI LTDA.;38270
F-19639/12;LIPOX;10 mg;Comprimidos recubiertos;ATORVASTATINA;Disminución del colesterol;LABORATORIO CHILE S.A.;32289
F-19640/12;LIPOX;20 mg;Comprimidos recubiertos;ATORVASTATINA;Disminución del colesterol;LABORATORIO CHILE S.A.;34793
F-19641/12;LIPOX;40 mg;Comprimidos recubiertos;ATORVASTATINA;Disminución del colesterol;LABORATORIO CHILE S.A.;29347
F-19642/12;LIPOX;80 mg;Comprimidos recubiertos;ATORVASTATINA;Disminución del colesterol;LABORATORIO CHILE S.A.;17132
F-14316/14;LOPREN;50 mg;Comprimidos recubiertos;LOSARTÁN;Hipertensión arterial;MINTLAB Co. S.A.;32274
F-18452/15;LOPTAME;10 mg;Comprimidos;LORATADINA;Antialérgico;EUROFARMA CHILE S.A.;29353
F-8455/16;LORATADINA;10 mg;Comprimidos;LORATADINA;Antialérgico;LABORATORIO CHILE S.A.;10459
F-16767/13;LORATADINA;10 mg;Comprimidos;LORATADINA;Antialérgico;OPKO CHILE S.A.;14880
F-3983/15;LORAZEPAM;2 mg;Comprimidos;LORAZEPAM;Ansiedad;LABORATORIO CHILE S.A.;35690
F-9991/16;LOSAPRES;50 mg;Comprimidos recubiertos;LOSARTÁN;Hipertensión arterial;PHARMA INVESTI DE CHILE S.A.;44492
F-13998/14;LOSAPRES;100 mg;Comprimidos recubiertos;LOSARTÁN;Hipertensión arterial;PHARMA INVESTI DE CHILE S.A.;17321
F-21746/15;LOSARTAN POTÁSICO;100 mg;Comprimidos recubiertos;LOSARTÁN;Hipertensión arterial;ASCEND LABORATORIES S.p.A.;8451
F-20493/13;LOSARTAN POTÁSICO;100 mg;Comprimidos recubiertos;LOSARTÁN;Hipertensión arterial;CHEMOPHARMA S.A.;32333
F-20934/14;LOSARTAN POTÁSICO;100 mg;Comprimidos recubiertos;LOSARTÁN;Hipertensión arterial;LABORATORIOS ANDRÓMACO S.A.;24408
F-23445/17;LOSARTÁN POTASICO;50 mg;Comprimidos recubiertos;LOSARTÁN;Hipertensión arterial;LABORATORIO HOSPIFARMA CHILE LTDA.;40894
F-23447/17;LOSARTÁN POTASICO;50 mg;Comprimidos recubiertos;LOSARTÁN;Hipertensión arterial;SEVEN PHARMA CHILE S.p.A.;34451
F-22000/15;LOSARTÁN POTÁSICO;50 mg;Comprimidos recubiertos;LOSARTÁN;Hipertensión arterial;ASCEND LABORATORIES S.p.A.;48636
F-8741/16;LOSARTÁN POTÁSICO;50 mg;Comprimidos recubiertos;LOSARTÁN;Hipertensión arterial;CHEMOPHARMA S.A.;44421
F-19885/13;LOSARTÁN POTÁSICO;50 mg;Comprimidos recubiertos;LOSARTÁN;Hipertensión arterial;EUROFARMA CHILE S.A.;37827
F-17498/14;LOSARTÁN POTÁSICO;100 mg;Comprimidos recubiertos;LOSARTÁN;Hipertensión arterial;LABORATORIO CHILE S.A.;21522
F-13738/14;LOSARTÁN POTÁSICO;50 mg;Comprimidos recubiertos;LOSARTÁN;Hipertensión arterial;LABORATORIO CHILE S.A.;28526
F-20665/13;LOSARTÁN POTÁSICO;50 mg;Comprimidos recubiertos;LOSARTÁN;Hipertensión arterial;LABORATORIOS ANDRÓMACO S.A.;22506
F-19752/13;LOSARTÁN POTÁSICO;50 mg;Comprimidos recubiertos;LOSARTÁN;Hipertensión arterial;MEDINOVA FARMA LTDA.;48149
F-14315/14;LOSARTÁN POTÁSICO;50 mg;Comprimidos recubiertos;LOSARTÁN;Hipertensión arterial;MINTLAB Co. S.A.;49007
F-18420/15;LOSARTÁN POTÁSICO;50 mg;Comprimidos recubiertos;LOSARTÁN;Hipertensión arterial;OPKO CHILE S.A.;23838
F-22733/16;LOSARTÁN POTÁSICO;100 mg;Comprimidos recubiertos;LOSARTÁN;Hipertensión arterial;SEVEN PHARMA CHILE S.p.A.;44990
F-15499/16;LOSARTÁN POTÁSICO;50 mg;Comprimidos recubiertos;LOSARTÁN;Hipertensión arterial;SYNTHON CHILE LTDA.;27619
F-13954/14;LOWDEN;40 mg;Comprimidos recubiertos;ATORVASTATINA;Disminución del colesterol;EUROLAB LTDA.;45631
F-2231/15;LOWDEN;10 mg;Comprimidos recubiertos;ATORVASTATINA;Disminución del colesterol;EUROLAB LTDA.;44831
F-2232/15;LOWDEN;20 mg;Comprimidos recubiertos;ATORVASTATINA;Disminución del colesterol;EUROLAB LTDA.;49189
F-14575/15;MAILEN;5 mg;Comprimidos recubiertos;DESLORATADINA;Antialérgico;PHARMA INVESTI DE CHILE S.A.;20250
F-13490/14;MELIC;7.5 mg;Comprimidos;MELOXICAM;Analgésico / Antiinflamatorio;LABORATORIO PASTEUR S.A.;5852
F-13491/14;MELIC;15 mg;Comprimidos;MELOXICAM;Analgésico / Antiinflamatorio;LABORATORIO PASTEUR S.A.;26892
F-21436/14;MELODOL;7.5 mg;Comprimidos;MELOXICAM;Analgésico / Antiinflamatorio;LABORATORIOS RAFFO S.A.;36009
F-21269/14;MELODOL;15 mg;Comprimidos;MELOXICAM;Analgésico / Antiinflamatorio;LABORATORIOS RAFFO S.A.;8678
F-13747/14;MELOXICAM;15 mg;Comprimidos;MELOXICAM;Analgésico / Antiinflamatorio;LABORATORIO CHILE S.A.;13160
F-7124/15;MELOXICAM;7.5 mg;Comprimidos;MELOXICAM;Analgésico / Antiinflamatorio;LABORATORIO PASTEUR S.A.;49165
F-7571/16;MELOXICAM;15 mg;Comprimidos;MELOXICAM;Analgésico / Antiinflamatorio;LABORATORIO PASTEUR S.A.;5478
F-14256/14;MELOXICAM;15 mg;Comprimidos;MELOXICAM;Analgésico / Antiinflamatorio;MINTLAB Co. S.A.;46415
F-14258/14;MELOXICAM;7.5 mg;Comprimidos;MELOXICAM;Analgésico / Antiinflamatorio;MINTLAB Co. S.A.;6893
F-23334/17;METFORMINA CLORHIDARTO ;750 mg;Comprimidos de liberación prolongada;METFORMINA;Diabetes Mellitus;ASCEND LABORATORIES S.p.A.;29717
F-23097/16;METFORMINA CLORHIDRATO;850 mg;Comprimidos recubiertos;METFORMINA;Diabetes Mellitus;ASCEND LABORATORIES S.p.A.;28463
F-23335/17;METFORMINA CLORHIDRATO;500 mg;Comprimidos de liberación prolongada;METFORMINA;Diabetes Mellitus;ASCEND LABORATORIES S.p.A.;9946
F-20937/14;METFORMINA CLORHIDRATO;850 mg;Comprimidos recubiertos;METFORMINA;Diabetes Mellitus;DROGUERÍA ARAMA NATURAL PRODUCTS DISTRIBUIDORA LTDA.;47078
F-23257/16;METFORMINA CLORHIDRATO;850 mg;Comprimidos recubiertos;METFORMINA;Diabetes Mellitus;ETHON PHARMACEUTICALS S.p.A.;7314
F-17314/13;METFORMINA CLORHIDRATO;850 mg;Comprimidos recubiertos;METFORMINA;Diabetes Mellitus;EUROFARMA CHILE S.A.;21034
F-21637/15;METFORMINA CLORHIDRATO;1 g;Comprimidos recubiertos;METFORMINA;Diabetes Mellitus;INSTITUTO SANITAS S.A.;20917
F-21139/14;METFORMINA CLORHIDRATO;500 mg;Comprimidos recubiertos;METFORMINA;Diabetes Mellitus;INSTITUTO SANITAS S.A.;40628
F-12064/17;METFORMINA CLORHIDRATO;850 mg;Comprimidos recubiertos;METFORMINA;Diabetes Mellitus;INSTITUTO SANITAS S.A.;5074
F-14634/15;METFORMINA CLORHIDRATO;850 mg;Comprimidos de liberación prolongada;METFORMINA;Diabetes Mellitus;LABORATORIO CHILE S.A.;28559
F-15237/15;METFORMINA CLORHIDRATO;850 mg;Comprimidos recubiertos;METFORMINA;Diabetes Mellitus;LABORATORIOS ANDRÓMACO S.A.;15296
F-21614/14;METFORMINA CLORHIDRATO;850 mg;Comprimidos recubiertos;METFORMINA;Diabetes Mellitus;LABORATORIOS MDK S.A.;39956
F-18634/16;METFORMINA CLORHIDRATO;850 mg;Comprimidos de liberación prolongada;METFORMINA;Diabetes Mellitus;MINTLAB Co. S.A.;12688
F-15133/15;METFORMINA CLORHIDRATO;850 mg;Comprimidos recubiertos;METFORMINA;Diabetes Mellitus;OPKO CHILE S.A.;10761
F-2275/14;METILDOPA;250 mg;Comprimidos;METILDOPA;Hipertensión arterial;LABORATORIO CHILE S.A.;38271
F-14255/14;MEXAN;15 mg;Comprimidos;MELOXICAM;Analgésico / Antiinflamatorio;MINTLAB Co. S.A.;43586
F-14257/14;MEXAN;7.5 mg;Comprimidos;MELOXICAM;Analgésico / Antiinflamatorio;MINTLAB Co. S.A.;41316
F-20165/13;MEXIS;10 mg;Comprimidos recubiertos;ROSUVASTATINA;Disminución del colesterol;MINTLAB Co. S.A.;8084
F-20166/13;MEXIS;20 mg;Comprimidos recubiertos;ROSUVASTATINA;Disminución del colesterol;MINTLAB Co. S.A.;38184
F-7465/16;MICROSER;16 mg;Comprimidos;BETAHISTINA;Vertigo;GRÜNENTHAL CHILENA LTDA.;44050
F-17909/15;MICROSER;24 mg;Comprimidos;BETAHISTINA;Vertigo;GRÜNENTHAL CHILENA LTDA.;19703
F-20706/13;MODERATUS;10 mg;Comprimidos recubiertos;ROSUVASTATINA;Disminución del colesterol;SANOFI-AVENTIS DE CHILE S.A.;38546
F-20663/13;MODERATUS;20 mg;Comprimidos recubiertos;ROSUVASTATINA;Disminución del colesterol;SANOFI-AVENTIS DE CHILE S.A.;45430
F-18813/16;NAPROXENO DE SODIO;550 mg;Comprimidos recubiertos;NAPROXENO;Analgésico / Antiinflamatorio;EUROFARMA CHILE S.A.;15676
F-7582/16;NAPROXENO SÓDICO;550 mg;Comprimidos recubiertos;NAPROXENO;Analgésico / Antiinflamatorio;LABORATORIO CHILE S.A.;17407
F-13868/14;NAPROXENO SÓDICO;550 mg;Comprimidos recubiertos;NAPROXENO;Analgésico / Antiinflamatorio;LABORATORIOS ANDRÓMACO S.A.;34593
F-16473/12;NEO-ALLEDRYL;5 mg;Comprimidos recubiertos;DESLORATADINA;Antialérgico;LABORATORIOS PRATER S.A.;34009
F-7110/15;NEOCLARITINE;5 mg;Comprimidos recubiertos;DESLORATADINA;Antialérgico;MERCK SHARP & DOHME CHILE LTDA.;10483
F-14378/14;NEOHYSTICLAR;5 mg;Comprimidos recubiertos;DESLORATADINA;Antialérgico;MINTLAB Co. S.A.;18206
F-14617/15;NEOLARMAX;5 mg;Comprimidos recubiertos;DESLORATADINA;Antialérgico;LABORATORIOS ANDRÓMACO S.A.;12733
F-17409/14;NEURYL;0.5 mg;Comprimidos;CLONAZEPAM;Ansiedad;LABORATORIO BAGÓ DE CHILE S.A.;41739
F-17410/14;NEURYL;2 mg;Comprimidos;CLONAZEPAM;Ansiedad;LABORATORIO BAGÓ DE CHILE S.A.;41058
F-13441/13;NIPOLEN;4 mg;Comprimidos;CLORFENAMINA;Antialérgico;MINTLAB Co. S.A.;6397
F-14773/15;NITROPRUSIATO DE SODIO DIHIDRATO;50 mg;Polvo liofilizado para solución inyectable;NITROPRUSIATO;Hipertensión arterial;BESTPHARMA S.A.;31264
F-22824/16;NODOCIB;200 mg;Cápsulas;CELECOXIB;Analgésico / Antiinflamatorio;LABORATORIO PASTEUR S.A.;35305
F-19753/13;NOVSAR;50 mg;Comprimidos recubiertos;LOSARTÁN;Hipertensión arterial;MEDINOVA FARMA LTDA.;26238
F-17526/14;NUROFEN;200 mg;Comprimidos recubiertos;IBUPROFENO;Analgésico / Antiinflamatorio;RECKITT BENCKISER CHILE S.A.;42324
F-18543/16;NUROFEN EXPRESS;200 mg;Cápsulas blandas;IBUPROFENO;Analgésico / Antiinflamatorio;RECKITT BENCKISER CHILE S.A.;14433
F-19698/12;NUROFEN EXPRESS;400 mg;Cápsulas blandas;IBUPROFENO;Analgésico / Antiinflamatorio;RECKITT BENCKISER CHILE S.A.;18080
F-22092/15;OLMEPRESS D;20 mg;Comprimidos recubiertos;OLMESARTÁN/HIDROCLOROTIAZIDA;Hipertensión arterial;ASCEND LABORATORIES S.p.A.;48792
F-22094/15;OLMEPRESS D;40 mg;Comprimidos recubiertos;OLMESARTÁN/HIDROCLOROTIAZIDA;Hipertensión arterial;ASCEND LABORATORIES S.p.A.;40460
F-22091/15;OLMESARTÁN MEDOXOMILO /  HIDROCLOROTIAZIDA;40 mg;Comprimidos recubiertos;OLMESARTÁN/HIDROCLOROTIAZIDA;Hipertensión arterial;EUROFARMA CHILE S.A.;32119
F-19731/12;ORVAKARE;40 mg;Comprimidos recubiertos;ATORVASTATINA;Disminución del colesterol;COMERCIALIZADORA ALEFFARMA LTDA.;29621
F-20629/13;ORVAKARE;10 mg;Comprimidos recubiertos;ATORVASTATINA;Disminución del colesterol;COMERCIALIZADORA ALEFFARMA LTDA.;16878
F-20630/13;ORVAKARE;20 mg;Comprimidos recubiertos;ATORVASTATINA;Disminución del colesterol;COMERCIALIZADORA ALEFFARMA LTDA.;27520
F-19479/17;OSTEOKER;4 mg/ 5 mL;Solución inyectable;ÁCIDO ZOLENDRÍNICO;Osteoporosis;SYNTHON CHILE LTDA.;31627
F-20074/13;OXEMET;850 mg;Comprimidos recubiertos;METFORMINA;Diabetes Mellitus;GLAXOSMITHKLINE CHILE FARMACÉUTICA LTDA.;18700
F-20075/13;OXEMET;500 mg;Comprimidos recubiertos;METFORMINA;Diabetes Mellitus;GLAXOSMITHKLINE CHILE FARMACÉUTICA LTDA.;30633
F-19860/13;OXEMET;1 g;Comprimidos recubiertos;METFORMINA;Diabetes Mellitus;GLAXOSMITHKLINE CHILE FARMACÉUTICA LTDA.;14963
F-3399/15;PANAGESIC;500 mg;Comprimidos;PARACETAMOL;Analgésico / Antipirético;CHEMOPHARMA S.A.;9085
F-19238/17;PARACETAMOL;10 mg/mL;Solución para perfusión;PARACETAMOL;Analgésico / Antipirético;ALPES CHEMIE S.A.;40968
F-22375/16;PARACETAMOL;665 mg;Comprimidos recubiertos;PARACETAMOL;Analgésico / Antipirético;ASCEND LABORATORIES S.p.A.;31736
F-21202/14;PARACETAMOL;10 mg/mL;Solución para perfusión;PARACETAMOL;Analgésico / Antipirético;FRESENIUS KABI CHILE LTDA.;19791
F-4001/15;PARACETAMOL;500 mg;Comprimidos;PARACETAMOL;Analgésico / Antipirético;LABORATORIO CHILE S.A.;30204
F-17618/14;PARACETAMOL;500 mg;Comprimidos;PARACETAMOL;Analgésico / Antipirético;LABORATORIO MAVER S.A.;30249
F-8660/16;PARACETAMOL;500 mg;Comprimidos;PARACETAMOL;Analgésico / Antipirético;LABORATORIOS ANDRÓMACO S.A.;7445
F-154/12;PARACETAMOL;500 mg;Comprimidos;PARACETAMOL;Analgésico / Antipirético;MINTLAB Co. S.A.;27303
F-20020/13;PARACETAMOL;500 mg;Comprimidos;PARACETAMOL;Analgésico / Antipirético;OPKO CHILE S.A.;49096
F-19801/13;PETYLYL;5 mg;Comprimidos recubiertos;DESLORATADINA;Antialérgico;INTERPHARMA S.A.;27938
F-22389/16;PITAVASTATINA;2 mg;Comprimidos recubiertos;PITAVASTATINA;Disminución del colesterol;EUROFARMA CHILE S.A.;38041
F-22390/16;PITAVASTATINA;4 mg;Comprimidos recubiertos;PITAVASTATINA;Disminución del colesterol;EUROFARMA CHILE S.A.;20447
F-1209/13;PRODEL;4 mg;Comprimidos;CLORFENAMINA;Antialérgico;LABORATORIO PASTEUR S.A.;46576
F-2279/14;PROPRANOLOL CLORHIDRATO;40 mg;Comprimidos;PROPRANOLOL;Hipertensión arterial;LABORATORIO CHILE S.A.;19527
F-3440/15;PROPRANOLOL CLORHIDRATO;40 mg;Comprimidos;PROPRANOLOL;Hipertensión arterial;MINTLAB Co. S.A.;11177
F-13795/14;PROPRANOLOL CLORHIDRATO;10 mg;Comprimidos;PROPRANOLOL;Hipertensión arterial;MINTLAB Co. S.A.;44012
F-9927/16;PYRIPED;400 mg;Comprimidos recubiertos;IBUPROFENO;Analgésico / Antiinflamatorio;MINTLAB Co. S.A.;29313
F-18548/16;PYRIPED;400 mg;Cápsulas blandas;IBUPROFENO;Analgésico / Antiinflamatorio;MINTLAB Co. S.A.;19584
F-10176/16;PYRIPED FORTE;600 mg;Comprimidos recubiertos;IBUPROFENO;Analgésico / Antiinflamatorio;MINTLAB Co. S.A.;24560
F-15642/16;RECAXIN;150 mg;Comprimidos recubiertos;ÁCIDO IBANDRÍNICO;Osteoporosis;LABORATORIOS RECALCINE S.A.;22521
F-6931/15;RELATENE;50 mg;Cápsulas;KETOPROFENO;Analgésico / Antiinflamatorio;MINTLAB Co. S.A.;10142
F-9692/16;REMITEX;10 mg;Comprimidos recubiertos;CETIRIZINA;Antialérgico;LABORATORIO BAGÓ DE CHILE S.A.;28153
F-12254/12;ROPSIL;2 mg;Comprimidos;CLONAZEPAM;Ansiedad;MEDIPHARM LTDA.;7229
F-12255/17;ROPSIL;0.5 mg;Comprimidos;CLONAZEPAM;Ansiedad;MEDIPHARM LTDA.;28406
F-21131/14;ROSAT-10;10 mg;Comprimidos recubiertos;ROSUVASTATINA;Disminución del colesterol;LABORATORIO PASTEUR S.A.;23817
F-21132/14;ROSAT-20;20 mg;Comprimidos recubiertos;ROSUVASTATINA;Disminución del colesterol;LABORATORIO PASTEUR S.A.;48689
F-19116/16;ROSIMOL;20 mg;Comprimidos recubiertos;ROSUVASTATINA;Disminución del colesterol;NOVARTIS CHILE S.A.;34847
F-18758/16;ROSIMOL;10 mg;Comprimidos recubiertos;ROSUVASTATINA;Disminución del colesterol;NOVARTIS CHILE S.A.;36673
F-22189/15;ROSUGRAS;10 mg;Comprimidos recubiertos;ROSUVASTATINA;Disminución del colesterol;LABORATORIOS RAFFO S.A.;34591
F-22190/15;ROSUGRAS;20 mg;Comprimidos recubiertos;ROSUVASTATINA;Disminución del colesterol;LABORATORIOS RAFFO S.A.;12424
F-22590/16;ROSUVASTATINA;20 mg;Comprimidos recubiertos;ROSUVASTATINA;Disminución del colesterol;SEVEN PHARMA CHILE S.p.A.;37236
F-22395/16;ROSUVASTATINA;10 mg;Comprimidos recubiertos;ROSUVASTATINA;Disminución del colesterol;SEVEN PHARMA CHILE S.p.A.;42869
F-22272/15;ROSUVITAE;10 mg;Comprimidos recubiertos;ROSUVASTATINA;Disminución del colesterol;GALENICUM HEALTH CHILE S.p.A.;13685
F-22276/15;ROSUVITAE;20 mg;Comprimidos recubiertos;ROSUVASTATINA;Disminución del colesterol;GALENICUM HEALTH CHILE S.p.A.;21374
F-22839/16;SALVARA;80 mg;Comprimidos recubiertos;VALSARTÁN;Hipertensión arterial;MERCK S.A.;30617
F-22840/16;SALVARA;160 mg;Comprimidos recubiertos;VALSARTÁN;Hipertensión arterial;MERCK S.A.;24263
F-22841/16;SALVARA;320 mg;Comprimidos recubiertos;VALSARTÁN;Hipertensión arterial;MERCK S.A.;48090
F-22537/16;SALVARA HCT;320 mg;Comprimidos recubiertos;VALSARTÁN/HIDROCLOROTIAZIDA;Hipertensión arterial;MERCK S.A.;25898
F-22508/16;SALVARA HCT;80 mg;Comprimidos recubiertos;VALSARTÁN/HIDROCLOROTIAZIDA;Hipertensión arterial;MERCK S.A.;23063
F-22510/16;SALVARA HCT;160 mg;Comprimidos recubiertos;VALSARTÁN/HIDROCLOROTIAZIDA;Hipertensión arterial;MERCK S.A.;36715
F-9043/16;SANIPRESIN;50 mg;Comprimidos recubiertos;LOSARTÁN;Hipertensión arterial;INSTITUTO SANITAS S.A.;27785
F-20483/13;SANIPRESIN FORTE;100 mg;Comprimidos recubiertos;LOSARTÁN;Hipertensión arterial;INSTITUTO SANITAS S.A.;18411
F-7764/16;SCADAN;4 mg;Comprimidos;CLORFENAMINA;Antialérgico;MEDIPHARM LTDA.;35063
F-16092/17;SIMPERTEN;100 mg;Comprimidos recubiertos;LOSARTÁN;Hipertensión arterial;LABORATORIO CHILE S.A.;34553
F-8493/16;SIMPERTEN;50 mg;Comprimidos recubiertos;LOSARTÁN;Hipertensión arterial;LABORATORIO CHILE S.A.;21988
F-11672/16;SINFLU;500 mg;Comprimidos;PARACETAMOL;Analgésico / Antipirético;LABORATORIO VALMA S.A.;41685
F-15667/16;SIXACINA;10 mg;Comprimidos recubiertos;CETIRIZINA;Antialérgico;SYNTHON CHILE LTDA.;29190
F-7782/16;SUPRACALM;1 g;Comprimidos;PARACETAMOL;Analgésico / Antipirético;TECNOFARMA S.A.;43705
F-9558/16;SYNDOL;30 mg/mL;Solución inyectable;KETOROLACO;Analgésico / Antiinflamatorio;PHARMA INVESTI DE CHILE S.A.;40027
F-12799/13;T4 - BAGÓ;100 mcg;Comprimidos;LEVOTIROXINA;Hipotiroidismo;LABORATORIO BAGÓ DE CHILE S.A.;45153
F-13668/14;T4 - BAGÓ;150 mcg;Comprimidos;LEVOTIROXINA;Hipotiroidismo;LABORATORIO BAGÓ DE CHILE S.A.;39986
F-13669/14;T4 - BAGÓ;50 mcg;Comprimidos;LEVOTIROXINA;Hipotiroidismo;LABORATORIO BAGÓ DE CHILE S.A.;32323
F-17329/13;T4 - BAGÓ;75 mcg;Comprimidos;LEVOTIROXINA;Hipotiroidismo;LABORATORIO BAGÓ DE CHILE S.A.;42548
F-21251/14;TAMCORE;80 mg;Comprimidos recubiertos;VALSARTÁN;Hipertensión arterial;SANOFI-AVENTIS DE CHILE S.A.;21678
F-21266/14;TAMCORE;320 mg;Comprimidos recubiertos;VALSARTÁN;Hipertensión arterial;SANOFI-AVENTIS DE CHILE S.A.;10766
F-21267/14;TAMCORE;160 mg;Comprimidos recubiertos;VALSARTÁN;Hipertensión arterial;SANOFI-AVENTIS DE CHILE S.A.;40499
F-16129/17;TAPSIN PURO SIN CAFEÍNA;500 mg;Comprimidos;PARACETAMOL;Analgésico / Antipirético;LABORATORIO MAVER S.A.;14352
F-20346/13;TAVIST XR;500 mg;Comprimidos de liberación prolongada;METFORMINA;Diabetes Mellitus;MINTLAB Co. S.A.;7009
F-21082/14;TELMEREN;80 mg;Comprimidos recubiertos;TELMISARTÁN;Hipertensión arterial;NOVARTIS CHILE S.A.;42943
F-21178/14;TELMEREN;40 mg;Comprimidos recubiertos;TELMISARTÁN;Hipertensión arterial;NOVARTIS CHILE S.A.;23972
F-855/13;TENARON;15 mg;Comprimidos;MELOXICAM;Analgésico / Antiinflamatorio;PHARMA INVESTI DE CHILE S.A.;28204
F-23081/16;TEXINAL;80 mg;Comprimidos;TELMISARTÁN;Hipertensión arterial;ASCEND LABORATORIES S.p.A.;44455
F-23082/16;TEXINAL;40 mg;Comprimidos;TELMISARTÁN;Hipertensión arterial;ASCEND LABORATORIES S.p.A.;26578
F-22538/16;THYROFIX;25 mcg;Comprimidos;LEVOTIROXINA;Hipotiroidismo;MINTLAB Co. S.A.;30311
F-22628/16;THYROFIX;100 mcg;Comprimidos;LEVOTIROXINA;Hipotiroidismo;MINTLAB Co. S.A.;33564
F-22629/16;THYROFIX;50 mcg;Comprimidos;LEVOTIROXINA;Hipotiroidismo;MINTLAB Co. S.A.;21799
F-22650/16;THYROFIX;75 mcg;Comprimidos;LEVOTIROXINA;Hipotiroidismo;MINTLAB Co. S.A.;5156
F-9663/16;TRANQUINAL;0.5 mg;Comprimidos;ALPRAZOLAM;Ansiedad;LABORATORIO BAGÓ DE CHILE S.A.;21415
F-10175/16;TRIOX N.F. FORTE;550 mg;Comprimidos recubiertos;NAPROXENO;Analgésico / Antiinflamatorio;LABORATORIOS ANDRÓMACO S.A.;20450
F-16543/12;VALAPLEX;320 mg;Comprimidos recubiertos;VALSARTÁN;Hipertensión arterial;LABORATORIO CHILE S.A.;8209
F-14803/15;VALAPLEX;80 mg;Comprimidos recubiertos;VALSARTÁN;Hipertensión arterial;LABORATORIO CHILE S.A.;12571
F-14804/15;VALAPLEX;160 mg;Comprimidos recubiertos;VALSARTÁN;Hipertensión arterial;LABORATORIO CHILE S.A.;41724
F-16781/13;VALAX;80 mg;Comprimidos recubiertos;VALSARTÁN;Hipertensión arterial;LABORATORIOS SAVAL S.A.;11086
F-16868/13;VALAX;160 mg;Comprimidos recubiertos;VALSARTÁN;Hipertensión arterial;LABORATORIOS SAVAL S.A.;19229
F-23509/17;VALCOX ;200 mg;Cápsulas;CELECOXIB;Analgésico / Antiinflamatorio;SYNTHON CHILE LTDA.;49091
F-11075/16;VALPAX;0.5 mg;Comprimidos;CLONAZEPAM;Ansiedad;LABORATORIOS LAFI LTDA.;30034
F-11076/16;VALPAX;2 mg;Comprimidos;CLONAZEPAM;Ansiedad;LABORATORIOS LAFI LTDA.;41447
F-10095/16;VALPAX;1 mg;Comprimidos;CLONAZEPAM;Ansiedad;LABORATORIOS LAFI LTDA.;48510
F-22214/15;VALSARTAN;80 mg;Comprimidos recubiertos;VALSARTÁN;Hipertensión arterial;EUROFARMA CHILE S.A.;12955
F-22215/15;VALSARTAN;160 mg;Comprimidos recubiertos;VALSARTÁN;Hipertensión arterial;EUROFARMA CHILE S.A.;7111
F-22783/16;VALSARTAN;160 mg;Comprimidos recubiertos;VALSARTÁN;Hipertensión arterial;SEVEN PHARMA CHILE S.p.A.;20012
F-22027/15;VALSARTÁN;320 mg;Comprimidos recubiertos;VALSARTÁN;Hipertensión arterial;EUROFARMA CHILE S.A.;5029
F-23461/17;VALSARTÁN;80 mg;Comprimidos recubiertos;VALSARTÁN;Hipertensión arterial;SEVEN PHARMA CHILE S.p.A.;9487
F-23384/17;VALSARTÁN;320 mg;Comprimidos recubiertos;VALSARTÁN;Hipertensión arterial;SEVEN PHARMA CHILE S.p.A.;45897
F-22655/16;VALSARTAN/HIDROCLOROTIAZIDA;320 mg;Comprimidos recubiertos;VALSARTÁN/HIDROCLOROTIAZIDA;Hipertensión arterial;EUROFARMA CHILE S.A.;38416
F-22673/16;VALSARTAN/HIDROCLOROTIAZIDA;160 mg;Comprimidos recubiertos;VALSARTÁN/HIDROCLOROTIAZIDA;Hipertensión arterial;EUROFARMA CHILE S.A.;48185
F-22599/16;VALSARTAN/HIDROCLOROTIAZIDA;80 mg;Comprimidos recubiertos;VALSARTÁN/HIDROCLOROTIAZIDA;Hipertensión arterial;EUROFARMA CHILE S.A.;13499
F-21231/14;VALVITAE;80 mg;Comprimidos recubiertos;VALSARTÁN;Hipertensión arterial;GALENICUM HEALTH CHILE S.p.A.;41986
F-21232/14;VALVITAE;160 mg;Comprimidos recubiertos;VALSARTÁN;Hipertensión arterial;GALENICUM HEALTH CHILE S.p.A.;23244
F-21641/15;VALVITAE  PLUS;160 mg;Comprimidos recubiertos;VALSARTÁN/HIDROCLOROTIAZIDA;Hipertensión arterial;GALENICUM HEALTH CHILE S.p.A.;30218
F-21640/15;VALVITAE PLUS;80 mg;Comprimidos recubiertos;VALSARTÁN/HIDROCLOROTIAZIDA;Hipertensión arterial;GALENICUM HEALTH CHILE S.p.A.;22003
F-7518/16;VARTALAN;80 mg;Comprimidos recubiertos;VALSARTÁN;Hipertensión arterial;LABORATORIOS LAFI LTDA.;16820
F-7519/16;VARTALAN;160 mg;Comprimidos recubiertos;VALSARTÁN;Hipertensión arterial;LABORATORIOS LAFI LTDA.;11819
F-15682/16;VARTALAN;320 mg;Comprimidos recubiertos;VALSARTÁN;Hipertensión arterial;LABORATORIOS LAFI LTDA.;21617
F-20736/13;VERALPRES;80 mg;Comprimidos recubiertos;VALSARTÁN;Hipertensión arterial;EUROFARMA CHILE S.A.;21328
F-20147/13;VERALPRES;160 mg;Comprimidos recubiertos;VALSARTÁN;Hipertensión arterial;EUROFARMA CHILE S.A.;29031
F-21121/14;VOLUNTA;80 mg;Comprimidos recubiertos;ATORVASTATINA;Disminución del colesterol;SANOFI-AVENTIS DE CHILE S.A.;23173
F-21118/14;VOLUNTA;10 mg;Comprimidos recubiertos;ATORVASTATINA;Disminución del colesterol;SANOFI-AVENTIS DE CHILE S.A.;35257
F-21119/14;VOLUNTA;20 mg;Comprimidos recubiertos;ATORVASTATINA;Disminución del colesterol;SANOFI-AVENTIS DE CHILE S.A.;7890
F-21120/14;VOLUNTA;40 mg;Comprimidos recubiertos;ATORVASTATINA;Disminución del colesterol;SANOFI-AVENTIS DE CHILE S.A.;6720
F-17537/14;XUMADOL;1 g;Comprimidos;PARACETAMOL;Analgésico / Antipirético;ITF - LABOMED FARMACÉUTICA LTDA.;11897
F-87/12;ZARATOR;20 mg;Comprimidos recubiertos;ATORVASTATINA;Disminución del colesterol;ROERIG S.A.;11816
F-86/12;ZARATOR;10 mg;Comprimidos recubiertos;ATORVASTATINA;Disminución del colesterol;ROERIG S.A.;35690
F-22565/16;ZARATOR;20 mg;Comprimidos recubiertos;ATORVASTATINA;Disminución del colesterol;ROERIG S.A.;40005
F-16944/13;ZIVAL;5 mg;Comprimidos recubiertos;LEVOCETIRIZINA;Antialérgico;LABORATORIOS SAVAL S.A.;29103
